"mbid","liked"
"a4ce8277-a761-4b15-a4da-9ce11ae4770a","1"
"56eed245-33c6-4121-b66d-0456338f691b","1"
"a4954cc5-7d34-449f-9850-517a7c9530e4","1"
"c4d87620-fbea-46ec-bfac-f8f9c64ec7c3","1"
"d8f6ba6b-eb57-43f4-9e7e-89ba88662467","1"
"55c235c4-b5dc-41a7-9e87-bfecc12b2a49","1"
"c463470d-d369-49bb-826a-9e957dde9b40","1"
"0b398e68-3720-498d-ad03-c9408c22e953","1"
"adfc657b-208a-4f02-beea-8b297e9e4870","1"
"9c4e5d4a-e3ea-412b-92de-1271340c2822","1"
"df72754b-0c18-443c-9763-764839d5f3a9","1"
"babeb5ba-350a-4061-a868-8de2624fcd62","1"
"d6c42cd1-e9f6-4cd8-8f0b-536e99fe93e7","1"
"bb69623f-1a20-4c4e-9df0-7a9480edb900","1"
"7755740d-f43f-45c1-9739-4896dfa4cb94","1"
"6fe67673-be5c-4279-adc4-336e99871b94","1"
"d636857f-afca-434e-8d2c-56a61bcdd97c","1"
"feb64d01-6e05-4974-bb44-0046deca1bdb","1"
"91398240-3c6b-4222-b897-7f9f3a96983b","1"
"0ba72f0d-70ae-4655-94d9-c1069b5abcfb","1"
"d3bd52f1-3d84-445b-84f5-7899de8f9340","1"
"1c398e28-a63d-4c25-813b-ef9a96aadacb","1"
"ad7e5ae2-d0f7-4312-b454-070567fda15c","1"
"00a34e20-61b3-4951-a116-c44a61c36f13","1"
"68538f2a-9f40-4ef0-9a92-7f6cf36bf3ce","1"
"52587f93-2a1d-45fb-a8ba-97aafa2c1f28","1"
"11b84c87-1187-4283-bdb9-c838d710c9ff","1"
"90836448-69d3-4d82-82a1-0d9ff38dbbff","1"
"8bd27b75-3552-4464-a3da-1f6f313980dd","1"
"4d18d9aa-4c5a-4e25-95fe-6cc34eacc93b","1"
"b318519b-0edb-4730-9e72-23304bd602ad","1"
"ba77d44a-4988-443a-8038-c21651327a24","1"
"8d885d67-6f9f-4ce2-8566-742159574bca","1"
"701bfb7a-e660-4133-ae11-21734d27c734","1"
"645acbbc-ffb9-4383-affa-6d5cfb052a32","1"
"95264906-3bd5-4d88-b4a5-f11c92281d57","1"
"d9bb42ca-2006-40d6-b0be-10f3b0aa84cf","1"
"b64a20b5-84f7-4bcc-b9ba-f48eb97c0d06","1"
"7fca5f20-2d06-4bc0-a338-d9f8073d7d23","1"
"edf4b77a-2a20-4d6d-9d1d-ea1dcda31b40","1"
"0b304971-9f84-485b-9f34-50f12004cf0d","1"
"340676f8-3384-4b2b-95d2-640d3ca95177","1"
"a9915135-8a30-4e14-a4ac-eb6366d80608","1"
"5ca98b4a-966f-4ee6-a229-101ec927e255","1"
"acfbe1ab-b897-433d-bbb6-ac43273f218c","1"
"11789cf3-73bd-4faa-9bac-3ce7fd20e118","1"
"fe51b39d-40be-4422-aaf2-ec72a4d17a7c","1"
"cb335533-8f0c-4f53-a045-8e4c254f9b22","1"
"a6020076-74e7-44c1-b1d6-5b1a6573cdbc","1"
"5105e2ef-4f42-44c5-967d-b1343d4b5827","1"
"8f9dec01-c479-4ad4-96b5-0950a97c1a91","1"
"8c1b03b1-f5dc-4f58-bee6-e23c6bb075a6","1"
"7a9ba7ac-1dbf-41d9-a0e1-1a164148b2e1","1"
"d0ca7c24-12d1-42e5-bec2-938cf7b0420a","1"
"c6096347-7b7d-44de-a8dd-2e1a4c0e447e","1"
"9fe3944d-3615-4576-a43c-4e561fe6bde4","1"
"51c04d4b-d433-410c-a7f8-23ca28adbd65","1"
"c6312c66-30ef-4820-8eea-efab9eb5831a","1"
"0cc17cdf-33ea-45a0-85b2-bffebd0f743b","1"
"de44287e-ded5-4cb7-813c-5bcda76f0219","1"
"9a98f982-bb4f-4a6b-82fc-f81b63a13403","1"
"0d246758-7215-41e8-b66f-1338f14678e5","1"
"8fbfd4f0-1912-474f-b405-950b8b052637","1"
"3814ee9a-23ab-42be-8d7a-73232cc9f78b","1"
"646920da-9cd8-41ff-a121-2291fa5d5c57","1"
"e3bb6fd2-aefb-49e8-8262-e43a4815c37f","1"
"bcaa2e57-896a-444a-bd5f-37f70dd1ce86","1"
"877b38eb-dc09-4fb2-992f-224b1a016f5c","1"
"85193a47-3e90-4170-a862-4af030716ef7","1"
"ad728add-0a37-4bfc-9771-4a51630e828b","1"
"43e8f164-cd4d-4ace-8a54-b88cacbd336d","1"
"c2090d48-d4f2-4599-8522-9b10f82d1460","1"
"8e00278e-3996-401d-b77f-573397fb7e3d","1"
"cfd18517-cec5-4282-ae1a-d1a8907d3ffd","1"
"17292e47-739e-4aea-b332-ca78b6b4821a","1"
"8d25edd1-6b04-4655-ab77-d06efc632c00","1"
"47aa895d-3a3b-45e4-9572-cd52014ac5db","1"
"2d669791-d7dc-43b5-b19b-6f7430dfba77","1"
"b434b7c2-976a-4b1e-87f7-d167dddc976c","1"
"c72b116d-853a-422a-a0e2-8fd06435b115","1"
"37d90057-6ff8-442c-a619-2cdd2b3bd2c0","1"
"d10c795b-12ea-4e2a-b122-96f15814c2e2","1"
"00dba7f2-3247-4a28-8c4c-14aa8835cf1d","1"
"f5e38d20-18ee-4980-8121-ae792fc8c48f","1"
"f0d66108-e32c-4d16-b614-daffd588f2ba","1"
"82ce7c26-6708-4f9f-9eb2-1d38692be1fd","1"
"2c40960f-7a98-4e23-a525-278632284f98","1"
"7e424c85-2bfd-4d8e-887b-60a015547bdd","1"
"1f0692a1-84ad-45bc-ac65-eacfddfe81c6","1"
"ff9bc153-5a71-4cc4-beaf-2df01d301d0e","1"
"546acf15-28b4-4682-9c15-614a0ffe62b3","1"
"76afcf3d-6e32-4552-86d1-10a192d93542","1"
"4faebeb3-8f3d-41dd-8ec1-8c66fd5e59b0","1"
"08af33d8-e9f5-4a42-862d-08b5deec49c1","1"
"9e99dc27-1b6e-40fa-8ab6-390815f3a940","1"
"32c7e292-14f1-4080-bddf-ef852e0a4c59","1"
"ec04e3c5-0548-4e73-bfc3-19a26108f302","1"
"dd6d8e5c-7050-4510-a5ff-b619ba2b92a5","1"
"c0acd3c7-c909-48bf-b790-df6fef5a29c8","1"
"fefb3869-aec7-490d-a0da-b42436a571ac","1"
"01e2a97a-f71d-418b-b706-d467ec1b1c98","1"
"6b017128-d658-4fa8-8116-e01cb11cd85b","1"
"d65f128a-e18b-45bb-b41d-e0490f303d1c","1"
"2fc97866-c931-4ce8-9af4-796c8ce680d7","1"
"b2d95fa8-e3d5-45f7-b915-a8a4b82f6f67","1"
"8cfb9efd-3fec-4a60-a338-38ff638e593b","1"
"0dcd21fc-fbd6-415f-a2f3-69c1bad432ab","1"
"24cc8311-98fd-423a-bed1-97728f5eabc5","1"
"5b16480f-898b-4538-bb42-b7eaf3f503f0","1"
"ba2281aa-84e1-4078-88bd-a16fc0fe5e51","1"
"e3c75c7b-ce0d-490a-b962-5ff1374cf56a","1"
"c40d44fa-33d9-4ce4-a6b4-ae00c5f9dc25","1"
"ff9ad4af-584b-428e-b9a3-117f664e2922","1"
"348346a5-1167-49d7-869b-056152cf80bf","1"
"ab4341f8-d640-4130-8dac-3af4b201aa86","1"
"089f7d87-2127-48d9-9d06-4ecd06379178","1"
"bdba8b03-3d31-491e-9651-590ffe849a3c","1"
"148756c1-1ad2-4316-bc6d-4d3a8f40c8e0","1"
"736fd8fe-9a9d-4131-8a3f-d0cc0d07b94e","1"
"6c83b753-7e12-43f9-8b7c-82ae224dbd1d","1"
"fe015e35-e4ff-4bfe-84ba-f7e3d2f093d4","1"
"73e81e06-3591-4133-b500-5877b18324aa","1"
"e7441034-eee0-43be-82ff-0351d3804ad7","1"
"a4fb61bc-f547-4f50-af07-4c27b09bff65","1"
"51f257d0-fde8-4eb8-b143-ce6daf3b0009","1"
"be69bd09-f237-4dc1-990a-df10051f63dc","1"
"25fb866e-0321-4b2c-a525-36cb5313f44f","1"
"cdb9da14-5ed0-4628-9f00-8adb764f2e93","1"
"d2bb7650-bdf4-476a-b74d-35345cc1dbfe","1"
"fd52bd8b-b07f-45f1-a8f0-2dedaca14d35","1"
"84c487bc-7614-4c8f-87ec-a5a6e6903e8c","1"
"c6ddba3b-a1a4-40a5-b686-b040ba536f24","1"
"6e1930ed-5be2-499e-9a6f-9202202f18a3","1"
"57888c47-f976-4417-9577-f45f118b58ca","1"
"720ff6be-99c3-42b4-8d7c-ffc3991b3cb9","1"
"09fa8bae-e17c-4866-85c2-7357937e7889","1"
"3ad31947-ae54-4409-aeaa-8dbd16c3825f","1"
"9944d2a3-3e5f-4947-9447-833d8dc3759e","1"
"31f6c694-f3d0-4d2d-95a9-c775a1998e19","1"
"7b3d96c9-3e22-4337-be32-f8a26b816685","1"
"fd125370-5ac9-45eb-86ad-ab99e258404b","1"
"50c69879-603a-4232-bf77-bafd5737b973","1"
"1f6df15e-bfb3-460b-acae-dd618f79d7e2","1"
"79143e84-fb21-4031-b79b-9e8c0e265561","1"
"a2fbd741-ea64-406f-bbbf-2c49af19aaf5","1"
"63488d1f-c088-4f39-a826-5e12d1bbd112","1"
"4572c539-07be-4398-ade4-ac443c3883f1","1"
"4112acb8-7ac0-4047-9c02-6e02226003e7","1"
"d002ad96-7eac-4ca5-9b45-d89b8c7f15ee","1"
"1709306b-e1a4-471f-ab6d-6c78ab0a55be","1"
"aae7c914-d58d-4e25-b3a3-21bd0f565a54","1"
"e26a4230-72bf-4fbe-b86b-2f045ebb2cb7","1"
"356e126e-aef3-4d8e-bfb8-05713fd27d80","1"
"16d2c90d-d688-4465-bb76-4a9e94b80729","1"
"471dc436-80be-4f06-bc8f-7e2685876cfc","1"
"a69ca3a1-65ff-491a-b25e-fa2010963e26","1"
"5c0814e4-cccf-4e65-834e-ece9290c6373","1"
"a46d027a-39e0-4b47-b19b-bb7682839ac5","1"
"d4009c09-a339-4b89-bc45-d91ab649acb6","1"
"892f70e5-7c4f-45ab-9f6b-b21e32caf476","1"
"dbcbbf69-633a-4a42-b74d-7d593df3285d","1"
"72a81420-87a7-4d93-ae89-e94f4c59367d","1"
"cb9fed11-07e9-4f32-8045-68458ab2461e","1"
"ec219fd3-8064-4835-be54-27b63694ae90","1"
"dc3a2ebc-93bd-4b34-b02f-e20a50a577d0","1"
"4ad370e2-ae20-41f1-b623-718d924205c3","1"
"0e1f4683-c1d9-4501-af20-747d34bc06cd","1"
"657517eb-4d69-486b-bae0-4da17d9dcaac","1"
"9febadde-1618-4b6c-a5b7-29bb7c5bdcef","1"
"c74d3729-21ae-4d7c-945b-975987812710","1"
"281ed3d9-dd47-42a2-a0ec-ab8dd6f538fe","1"
"c1c1d61e-3898-49d0-a080-70103892adaf","1"
"482b3a9b-c8e2-4bd2-ba92-cc8e53016c82","1"
"eeb970e1-41c8-4644-ae1d-38db6f27b489","1"
"f42fe8ed-d23b-47fe-b8d3-cbd970861fb7","1"
"2ccf0164-656e-43e6-8506-79d515fbd46a","1"
"102d1143-7e62-47d3-ae18-7d4cef46fec5","1"
"4ad370e2-ae20-41f1-b623-718d924205c3","1"
"a0a1f3d5-48e7-4323-8e91-e3e8f9f13fea","1"
"e90fc574-375e-48b2-aa99-223c8ce7b552","1"
"9f7f31ff-7936-4878-abae-f9ccb100538f","1"
"b6cb327e-76bd-47c5-849a-87bde68568b1","1"
"5676f275-a4eb-4766-b6b9-cc2c3de67b8c","1"
"3069fa06-9310-407a-9802-b8e2328cbf9f","1"
"e23b5461-53cb-43df-a851-4e65e4ea4297","1"
"e9cbc147-baab-4750-8735-ac81415439fa","1"
"9e1ca9a6-22a4-4109-9f27-ab3514af06ec","1"
"825bcad2-ec49-4913-a758-5e95e839757d","1"
"e2925bfa-efee-4fdc-837b-4ac115cad2bd","1"
"d432ac20-8f1d-49bc-aef0-570d8c877c63","1"
"9a0b686e-22a5-4cab-91b9-ea22b874da46","1"
"d2252d1c-d9e3-47ea-b2cd-b4a59b32b684","1"
"529c9a89-f04d-40e8-a922-f035a6ab5a32","1"
"bf769c18-b6b9-41e7-a4f2-ba80751b82f8","1"
"d8c90a11-8ed7-4b66-a0b2-21e99fe4536e","1"
"c218b538-538d-4d71-9f6d-d063f5c57188","1"
"84e50f81-4cd5-4586-ba7b-dc8ee4a97e43","1"
"8c9cd3c9-a1e8-4ae4-a422-7ccf74028558","1"
"2e5e2304-515f-4f19-bc00-b30fdb6b7f79","1"
"649a3ffb-9247-4fc3-828b-7b552424e05e","1"
"58d2aaf4-bd47-42da-a9fe-9476452634f7","1"
"8a8ca6f4-2150-4b2b-935d-b66962de3b89","1"
"030e1909-9a67-4ad0-bf11-a9dd98363b1b","1"
"d4490e13-3b00-4d86-90b1-9da57c28c5ef","1"
"bf26c2b2-a0da-451f-9099-145ffb958062","1"
"552651c7-2f36-43a7-a288-263c039e2b03","1"
"8889f843-aa29-42ae-9e79-19e48629b995","1"
"f0470ea6-dc2a-4f43-91e6-a6099ec65539","1"
"88afc7be-cf9f-4fd9-a37a-a1232b30b472","1"
"8b81b805-f971-40ae-b6a2-77de7d884fd4","1"
"be5d8916-f0db-4646-a6b7-a2cb7c788ee1","1"
"6d24e6b3-2690-484c-b80a-ff07c10c99fc","1"
"79e400b3-f595-44d8-984c-605f54b5d367","1"
"579c4ad8-f486-4b03-bf67-d07d5c9f9fd6","1"
"f45aa30f-aab9-4dfb-9873-180079577329","1"
"f861cc73-1b78-48b9-b0c5-43786c23de60","1"
"3596bea8-684c-4b22-ac7b-4feea52be173","1"
"fd2cf658-32c7-40dc-aeae-f5cc0fc9ed7a","1"
"e6414162-7adf-4c52-b325-5361dc84a059","1"
"d57be154-5ef1-4b7c-b024-e8df2847da64","1"
"52370d15-580f-4352-96e4-522c36b97345","1"
"7f492499-36b0-47b7-b1e8-3484323a7a70","1"
"b8bc05b2-0bb3-46a1-b830-62187e7657e1","1"
"f0ed17ec-ea57-4e65-90ab-310fa1e9647d","1"
"2f6ae876-6a69-4e94-b191-359ee3e6cd1a","1"
"05814da0-3c97-4f06-9a60-c6a3ceb31d8e","1"
"f929fb64-3c7c-4c9a-9600-aab0faadacc9","1"
"ab975f11-c137-4860-b6d5-aa8a1d9aa20a","1"
"e90ee8cd-5e32-46d0-847f-ab82c399d107","1"
"a74be3c3-aba0-4904-bc5a-11c0ae4901d7","1"
"0313678e-237a-4a9b-afd2-50d455c5d9f8","1"
"f5e06360-5219-455a-820e-0c53575987b5","1"
"eb612418-2d98-49af-9fdf-64362326632b","1"
"7a3e8796-a0b3-4999-b268-4e2d47912e3c","1"
"58578737-6d2e-491e-a545-6c8beb6e260c","1"
"d8c79588-fcbb-46c3-8838-85b212475bb2","1"
"0a770e7d-bcca-43b7-8573-0243e9a3eadd","1"
"78bc013f-052d-4bcd-9e9a-f83d05d845e0","1"
"dd88e11d-c0a1-4abd-9159-afdde8d4bfc3","1"
"67b805c2-ec6b-4e0b-be73-d9e264a54f85","1"
"7e26cb76-57a6-4192-a3e6-c04ca9900279","1"
"05212078-3692-40d3-afb3-9d1435f67d33","1"
"00048f58-c10d-4dbe-a04f-e5b88a86ff61","1"
"183fa408-7aa5-45a1-b4f9-c69989cb7d59","1"
"184b3d23-deb8-468c-b576-580c2d4487e6","1"
"8330c6a2-94ee-4a81-883e-b9d320edfaac","1"
"46115882-870a-4085-a4b1-88e4b4efe3f6","1"
"46115882-870a-4085-a4b1-88e4b4efe3f6","1"
"ec83b00b-8b52-47fa-ac42-a0d9cfb13fbd","1"
"5248fa68-3c15-4602-9d38-405127994753","1"
"75f76be0-b76b-4447-9f86-dcea35514c68","1"
"f28b43c2-ec82-46a3-846e-0a7e2a05535e","1"
"73c0735a-7864-4862-81e1-9a6fdfa954a7","1"
"668a5962-925d-496f-9a14-8c76ac0a7da2","1"
"64b27f2f-9fd2-4f8e-82cc-701d85b651d8","1"
"6896f27d-2b19-43fa-8753-048c1900ce5b","1"
"86e85d93-1a85-4d24-a4d6-82ffdd36ba53","1"
"199faf67-3190-463b-8185-e7a7c6205d91","1"
"df4f1310-e99c-488a-8c30-74d0f97524fe","1"
"b347daa5-f319-4885-9e60-a8fd58cfe22c","1"
"c3bcf0b9-e4db-43f5-80c9-14fda01971c9","1"
"ec2944ed-ea9a-43b7-85a2-933acbff05df","1"
"0ade2d42-99c6-4f06-9d15-592e745fd0e2","1"
"bf32c208-c3c9-4335-b5e8-f758e158666c","1"
"20a87d8c-95d6-47e9-a7c4-9ffdfbb446e3","1"
"f9b7d266-36a7-47db-a3ac-c0e302869526","1"
"ef9d756a-2889-483c-ac10-3814dd1c33dc","1"
"3a3574c5-5440-4d6b-ad97-b94c1c7dc18a","1"
"c8e34d3e-4aaf-49c3-9982-5adde98e35a7","1"
"e8102953-7908-4e95-8379-9da2c65040e6","1"
"61120daf-1230-417a-b98e-ddb87e75d830","1"
"da6ea087-c381-4f59-9e72-347f36a8527a","1"
"3a82b9cd-8f04-4137-81a6-91b65c96ca3a","1"
"780d1917-9c28-4dab-909d-352691d483e6","1"
"28b6dc85-93cc-4377-9ab7-e0ea87740877","1"
"7e3816e7-91a0-4f64-8c1a-e6147e09df8b","1"
"5fe8712d-40ed-4033-8e73-04ca48a75df1","1"
"817d21bb-a275-4c0b-82a8-c9aa2bcd0bb2","1"
"1e18a47e-7815-4c1d-adfe-73e651cd98e2","1"
"fdfadf5e-b6c8-441d-aed0-aac27786237f","1"
"5baad25a-6c30-42be-8848-b913564af11e","1"
"17fdd828-b822-42bf-b8dc-7dc4925dd4f9","1"
"167b224b-596f-4a57-a405-08bfee59df59","1"
"b4f96ea4-2ddc-40aa-9072-48efbb11b91c","1"
"35e2412a-9847-43c2-b4b3-e250df059716","1"
"9082df13-72a3-46ea-8939-ca7618293436","1"
"771025ae-7f9e-4f76-8aa4-ccfec40f218c","1"
"291758ed-60eb-4192-92af-367b1c754745","1"
"053d552a-1718-42d0-82e8-2fdcc2d5b30e","1"
"05833d73-e1e0-4d69-a00b-a586f8ffb3b6","1"
"b849acd4-0638-49ea-8e40-7391613d4890","1"
"93e0c680-0f69-4424-ad82-67c36c6d19bd","1"
"a52c2553-1670-4262-9193-6ecd6713741a","1"
"735027a3-d183-42a0-a691-7be6c166df2f","1"
"f0bd794b-09b3-447b-8433-601bb5f63299","1"
"01b6e4de-ff48-4ec0-862e-cd623c924d7b","1"
"c1d63906-f64a-4cd1-9873-9f3a9f98883c","1"
"a5bd7020-119b-49e1-9bc4-6964b99db602","1"
"21047249-7b3f-4651-acca-246669c081fd","1"
"5561d5e8-386e-4ea2-ae72-1f7ecf3cae3e","1"
"226bdd2d-aeda-4ea3-adbb-7da95c3d4b06","1"
"22c363e5-7668-42d7-a3ad-634a9ea62314","1"
"6081cefa-d2cb-4a95-a21d-0e77437cda6d","1"
"877c7bff-2485-4a6d-b831-e251e6eeefa0","1"
"a5a93ea3-85fd-43a5-bd5b-287fc4c46384","1"
"28407f5b-4a9f-44e8-9afe-ada40968ed84","1"
"46f414d4-e34f-49f3-b163-d7327de25fca","1"
"1521605a-40bf-4dc4-a981-26da7fb16b5e","1"
"2ab49739-d11e-41be-aa7b-7c4cff14c7aa","1"
"bd38dde3-2bc7-4a67-b78d-9fac3c0e142e","1"
"38baf8c5-8546-4cd2-935e-546a0f657930","1"
"be56459a-baf5-4c3d-bb2f-8a855de404c2","1"
"d3328c43-db58-41f3-98dd-795b309bfed6","1"
"c74cf85c-b65a-4f82-9e2d-802df5a5d6c0","1"
"de76b014-3570-444f-9d31-465adbec53ab","1"
"f8530240-6074-4855-9d4a-ce7d00c9f012","1"
"be4fd6cf-f0f2-4450-acfe-996b18714e6d","1"
"f94e4e1a-6250-47cf-99fb-24e0646d9d77","1"
"0a2db863-f23f-496b-bc54-3cec1ad1384b","1"
"451d0810-1eb3-4d19-816d-9c451ef96d5c","1"
"6ef1ef4a-26fb-47da-b940-1db145fab499","1"
"1d34e67f-937b-40e4-acea-d5c8dc7570b2","1"
"2f3caaea-3932-4df1-86ab-32cc2911043d","1"
"3d693d92-3c17-41c8-bf16-f27b2c5b4a8b","1"
"37682614-6fe9-405f-8923-4b40cbaf7379","1"
"fe399a92-db44-48f7-9442-24275dd40d51","1"
"a5aeabe6-ba4a-4ea4-a7b3-adc0309eb3a5","1"
"4a4f7588-b133-421b-9625-bf364591256d","1"
"70dd3f8f-b4b4-4f70-8c3d-efbc6959f4d4","1"
"618c2c2e-e999-4dbf-bae9-e2d66ede142b","1"
"c53a1a0e-dc87-4a53-b6ff-430a309e3925","1"
"d466db08-d652-4f97-a6d4-814f8288988e","1"
"bcee19d7-ce60-4070-aa6f-b4f1c3769236","1"
"8e54ac47-d599-4287-9fc5-b5fe885a9e66","1"
"2f33cca8-9362-43e6-a0b0-880483bf1efd","1"
"4eaca002-f8ac-40da-b48c-0141c977c0e9","1"
"70ba80a7-3b9a-47b1-bc23-f614c16d5d4d","1"
"6eda00db-318c-495b-96a1-494d249b04f5","1"
"0c9684a3-1109-44cb-ac8c-808168ae8715","1"
"fc53705e-f3d6-4246-b0e3-23d1acc8f1d1","1"
"cce551a1-5a6c-494b-89fe-6dfac5e8aed1","1"
"cd06c484-9319-4376-a104-504871e19756","1"
"1c0a78be-b883-4c5d-93f2-4f48405dbcb2","1"
"248cc9d1-97ea-493e-84d4-4c5ec718683b","1"
"e069339e-b2ab-423a-b52e-7982d9a6d309","1"
"824b10f8-ee3c-4520-9ae9-35e4fa166692","1"
"11489633-0810-4fd0-9ea4-035b4bbc95cc","1"
"93b4142d-d1c6-4c2a-8c51-ac3ddbe03668","1"
"59e20ade-7515-4be2-96e2-ee4d4be072b2","1"
"615002ad-66ee-4de1-a1be-bfb1efe9bdac","1"
"5d2345ee-a94b-486f-9197-f6c2abf50814","1"
"89c06bd1-460e-4458-b869-53794aa9fc1a","1"
"4a452e8c-571d-45f2-838b-3d2d267126a1","1"
"3e7ac96c-a9de-4937-89b5-dac34c021283","1"
"3a31789d-535f-4eee-bb35-ea54b7e38773","1"
"c019bee7-5ef9-4d8a-ad43-29ab7ed887f8","1"
"52bacc67-8c29-47d3-96b0-1012b10428e2","1"
"1b5e0b96-2d50-49a3-a1b0-4ee3948bbbfd","1"
"56eed245-33c6-4121-b66d-0456338f691b","1"
"a4ce8277-a761-4b15-a4da-9ce11ae4770a","1"
"c4d87620-fbea-46ec-bfac-f8f9c64ec7c3","1"
"38b5a151-b606-4197-80ab-64b6e97a4e3d","1"
"42eaf56b-eb13-4a28-ad98-25bd5bf5a030","1"
"a4954cc5-7d34-449f-9850-517a7c9530e4","1"
"677d8266-5286-4f62-b11b-b4da0619cc95","1"
"8e535096-ced2-41bd-9946-8d1e2c16bbb0","1"
"6989a5ee-bfb4-407c-803d-1f125a1c333b","1"
"007a8c52-8d9c-40e2-ac54-b20321cb357e","1"
"87940238-c461-486f-acbf-9217e3033657","1"
"db5e70b5-e0ea-48cd-878d-dab8e584258a","1"
"4dc9f2db-9ed0-48b3-9d04-5e80c752e184","1"
"6d51886d-ee4b-46fe-9019-c046fbcab5b0","1"
"ef9905bd-81fa-4a17-a027-d023f16f3caa","1"
"89c910d2-4573-4a36-a2db-7564a6147a2f","1"
"0b50da9e-5dc0-4ff6-b27a-c0fc28bab2b5","1"
"7f3d11d4-a669-420a-a7c1-1563ca99af91","1"
"d754e8ef-8d4e-4609-9334-64fdd1292b49","1"
"7755740d-f43f-45c1-9739-4896dfa4cb94","1"
"55c235c4-b5dc-41a7-9e87-bfecc12b2a49","1"
"e6a3eefc-dfac-40d9-8f90-592a4510f9e0","1"
"0b398e68-3720-498d-ad03-c9408c22e953","1"
"8d8c5656-598c-4a4e-901c-ce3f537c9293","1"
"8b53d5bc-731d-4806-a65b-943d914e6aec","1"
"c463470d-d369-49bb-826a-9e957dde9b40","1"
"b6c92501-1522-4bef-ad8f-2a05621b9d3d","1"
"2645879d-0e3d-436f-b74a-054e23c11b5c","1"
"f02b66b0-de8a-4253-9d3f-02cfdb7b3676","1"
"6fe67673-be5c-4279-adc4-336e99871b94","1"
"8cca4ba6-5813-481c-b887-3c11e3644d02","1"
"eda4a541-7a68-4a9e-8e9b-bc3dafaf0f65","1"
"66853b50-aaf3-4034-90aa-abb8d4da0a47","1"
"d0af65e0-8822-40bf-95ca-61fdf42ce18e","1"
"babeb5ba-350a-4061-a868-8de2624fcd62","1"
"33addd23-f333-43a8-b976-2bae2113dc0a","1"
"239233c7-f732-4430-95d1-7d25b38371b6","1"
"860afd82-1918-42a3-b67f-3fff9fd05938","1"
"ff8a5ab0-ad60-4c03-adfd-549668d1cfc8","1"
"d4a7c25c-8b9a-41ca-9ab0-c0ebc326341c","1"
"d3cb8f81-ad4a-40fc-8ae8-39eb2c5f45d8","1"
"07f856ab-701c-4f97-9f3d-45c9afdb0074","1"
"76b624d3-b315-405f-89d2-ac05a0ec786c","1"
"55c235c4-b5dc-41a7-9e87-bfecc12b2a49","1"
"2a52d1c7-838e-4c34-80f6-120a1e84a9aa","1"
"7d6ecd75-7c41-40c0-9614-c3e628e13327","1"
"b40d98f6-adbd-4013-bf9a-81ee87eaf9ba","1"
"a6d20932-6f1d-4b4a-a14c-90c2cb6a2ad0","1"
"ff8a5ab0-ad60-4c03-adfd-549668d1cfc8","1"
"559886d4-eb92-4f84-aac4-80935030dc5e","1"
"860afd82-1918-42a3-b67f-3fff9fd05938","1"
"bcaca84e-db24-4337-8c3d-62d65285cff6","1"
"e6414162-7adf-4c52-b325-5361dc84a059","1"
"fe4a0608-cf7f-444a-a932-a1b77c766673","1"
"7e1c2de6-855f-40b6-bc36-48311fef99f5","1"
"edd8d59e-cd1e-4c1c-b78b-fedf2e7539f9","1"
"80784ad8-9986-43a1-8d58-c21d4c435dd4","1"
"e9d7362a-4022-4027-800b-4f5ab793ff14","1"
"026c26a7-70b4-4355-83d8-7ca66d5d68b8","1"
"588d1f08-5ac3-47ff-ae31-ec601b2274c4","1"
"55e1f721-a1e7-41b4-be27-5392bf9cc8f1","1"
"c1c5729c-7e6d-4940-bfcf-329c50281fe5","1"
"494c7af6-b4ec-4897-b4c7-4663099377e6","1"
"b5634bbd-cf5c-4206-8063-f7f5079eaa29","1"
"94793531-2679-4ea7-a273-945fdf64c06f","1"
"809e8321-9e38-4ebf-b467-1cb6d85f5076","1"
"77ee68a0-f28e-46ce-9751-2ec2c54943c6","1"
"8403caf8-3714-46da-934c-1fe91a049540","1"
"2797d6d2-c735-4b48-ae00-8efbf5393517","1"
"bf16e494-bb17-4f6f-b30a-4104c6d19e8f","1"
"de798de6-70fc-49f6-b580-339cd2e62052","1"
"a309cf7f-1616-4ed0-ac9a-7fc4a74fc5fa","1"
"ea4a91be-8a34-47de-8bcd-f5a75aec048c","1"
"01313571-aecd-477b-9e02-49fa7da5c2df","1"
"315b48c9-bbc0-488b-adc0-560eef066f83","1"
"f980fc14-e29b-481d-ad3a-5ed9b4ab6340","1"
"e9d46dd9-1b5c-4378-a571-5d18fec0917e","1"
"7a9ba7ac-1dbf-41d9-a0e1-1a164148b2e1","1"
"ef1b8d37-d7b8-4d4f-89d0-cb0bbebc932f","1"
"dbcef691-6301-446b-bdd8-6546ffcd5358","1"
"f66df817-be39-4a8e-9184-85bbd1944ba4","1"
"661d35c3-6ade-4367-af96-6c2898149906","1"
"65c42671-52fc-4f05-b7f0-c8589025710b","1"
"9656e1b2-87c1-4208-8a33-fa814961fc9e","1"
"a6020076-74e7-44c1-b1d6-5b1a6573cdbc","1"
"e013b1ec-659f-44a8-9db8-830938918e6a","1"
"055423fb-f8e4-4d99-9e96-5bbfb061c1fe","1"
"cd06c484-9319-4376-a104-504871e19756","1"
"d00f3915-f2a8-43c5-8669-39e26665112f","1"
"248cc9d1-97ea-493e-84d4-4c5ec718683b","1"
"efb1c9df-7a9d-4756-912a-7f0eb8c7853a","1"
"d624ec5a-2c71-4085-96c7-1895c0405adf","1"
"153157df-d2d6-4dd0-8a8c-de84e9463bda","1"
"73d5d859-0489-4d37-aacf-98df82b77ac6","1"
"4fcd4c1a-b553-4473-b70e-aa4771f36bb6","1"
"c218b538-538d-4d71-9f6d-d063f5c57188","1"
"8a8ca6f4-2150-4b2b-935d-b66962de3b89","1"
"d108ccd0-678d-4ea0-b7b8-35b4f7d18d75","1"
"95a65991-79d6-41d1-811e-46937efb453b","1"
"d15ec3d0-d584-4da6-89ab-439d5a691c45","1"
"76d65cd8-3899-4465-b1e8-3d76c69241e5","1"
"a3eea6e0-ba32-44d8-a580-560589fac197","1"
"b2d46dff-f24b-4d23-8e03-b1fcd47838f9","1"
"fca24ad8-300d-4fae-b998-ad0494bc0534","1"
"65840325-af6b-4f5f-a750-fa248b3dc979","1"
"af36bef9-1de8-4fac-9bfc-3780b0b774fb","1"
"89c910d2-4573-4a36-a2db-7564a6147a2f","1"
"e2e0fb6e-6375-48f8-aa8e-c4bd4ee56895","1"
"8f06e058-66b8-4914-b947-990c6328bde7","1"
"f1347935-0fbe-4db7-8603-771e16d99b9f","1"
"35915e81-3749-4ea8-b61b-a5c008816c1b","1"
"1418e3dc-6578-4c2b-bb45-2adfc8373de0","1"
"2924318a-8551-452d-b29d-5e870aa4c981","1"
"494c7af6-b4ec-4897-b4c7-4663099377e6","1"
"a278228c-a97a-4e72-a632-25738da8397b","1"
"9684206b-6864-4f25-bfbf-1599d131f684","1"
"3ef9a847-462c-4dc8-92c0-a6a97ac57fed","1"
"0c9d62d2-a1fd-4f10-945a-61c5ebb1e520","1"
"7b3d96c9-3e22-4337-be32-f8a26b816685","1"
"24cc8311-98fd-423a-bed1-97728f5eabc5","1"
"d2bb7650-bdf4-476a-b74d-35345cc1dbfe","1"
"96d80e5a-9055-432e-b3c2-f9180adab3c9","1"
"ec6ded2c-d6ef-4f8f-880e-b25ab434304c","1"
"eb5550c8-9d31-4270-9dac-1f11566a3805","1"
"40ae4c06-3799-413b-b879-101dec39ac44","1"
"1c4f7312-2f9f-4188-93c9-00971318f92c","1"
"228468dc-8a4c-44f5-b8f5-f743752451a0","1"
"160bc8ff-c6bb-4a3c-a081-e903739d3eef","1"
"13a053f1-a7e7-4ac8-a101-f8c01dfca2d8","1"
"29140dd1-6b56-42a8-b176-286d5b81d452","1"
"e0c6851d-d2e6-4bc8-8f00-b19ecc0aa9db","1"
"e0c6851d-d2e6-4bc8-8f00-b19ecc0aa9db","1"
"b8b319e0-d089-434c-bdea-17f26cac2df1","1"
"69ee7307-c46c-4025-9c82-2b2638ffbfac","1"
"def72c8f-c209-49f5-8b56-91ef401eef6c","1"
"07c90bc2-ece6-4064-a468-07460e9e6192","1"
"efbe2a74-1262-43f3-af44-4359a8d5ed25","1"
"fb7dac2e-a1c6-4a4e-84ce-9c0e4812a1ac","1"
"15df67de-248e-4f95-bef3-e64ed50e6647","1"
"22c363e5-7668-42d7-a3ad-634a9ea62314","1"
"40fff970-3ee7-419f-b619-455637e7bab0","1"
"55e1f721-a1e7-41b4-be27-5392bf9cc8f1","1"
"216dc9ea-3d68-4a88-a319-1345618b8913","1"
"f94e4e1a-6250-47cf-99fb-24e0646d9d77","1"
"8b19ba0b-92c7-4284-861a-5c69c4ae1a79","1"
"636465c6-4085-426d-945f-02118f9ad379","1"
"661d35c3-6ade-4367-af96-6c2898149906","1"
"2ce6de3e-6673-4134-9547-05caccfdb165","1"
"bd27c9e5-42d7-4191-a6d5-65013a2d6fd3","1"
"bb6aaa59-82ff-475f-a708-09722d772c60","1"
"bcb9b956-fe5f-4c84-a58f-aa88c6ec2dfe","1"
"88b29d0a-2dd8-46cb-8111-99c3d169639d","1"
"3f85e09e-8bf1-4479-866d-75576dfbead6","1"
"722b0851-8793-4df7-9aff-835cd3770a8c","1"
"2351cd90-50cc-4862-bba0-6fa8b807b4e3","1"
"18d30fc9-32e3-494d-b68a-ede6b2fe63c1","1"
"398dcffc-8740-4b8b-8453-846fbf8c5de2","1"
"33addd23-f333-43a8-b976-2bae2113dc0a","1"
"d0af65e0-8822-40bf-95ca-61fdf42ce18e","1"
"66853b50-aaf3-4034-90aa-abb8d4da0a47","1"
"babeb5ba-350a-4061-a868-8de2624fcd62","1"
"df72754b-0c18-443c-9763-764839d5f3a9","1"
"f152f1c7-f381-426e-91ef-8c0e897b9f41","1"
"04e7505f-02fd-48a3-9c4c-c1fb73b7d471","1"
"c72d3193-e525-496f-a794-f4fba664ab52","1"
"d16587d9-92fa-4350-a3a6-07b29578b94b","1"
"bacdbdfb-7917-4583-ad14-81bf13501aba","1"
"f475f367-0d87-4703-834b-0595c51a9e15","1"
"e6c83daf-4d85-4414-b5ac-b193334272c1","1"
"a59d0d49-2351-40b3-bc14-23ba44f8f99c","1"
"757e6592-58f5-4ca2-81ef-0480df165f4a","1"
"3da9fbcd-70af-4365-b157-09a04bf45503","1"
"6649f2c6-27d7-46f8-8340-5a7dcc69167b","1"
"97137930-a83c-4860-ad9a-b8dafab35e2e","1"
"040f8510-89ce-4607-906d-3424b08cbf8e","1"
"a405352d-6f33-482c-a1be-0b5b2c966b63","1"
"424c10aa-a857-4dc6-872e-2a8fb0b707f3","1"
"485bbe7f-d0f7-4ffe-8adb-0f1093dd2dbf","1"
"b849acd4-0638-49ea-8e40-7391613d4890","1"
"735027a3-d183-42a0-a691-7be6c166df2f","1"
"5561d5e8-386e-4ea2-ae72-1f7ecf3cae3e","1"
"c05194a3-f6f0-4f52-b78a-13fb5580bc0f","1"
"440f60e8-0b25-4ec4-abb1-c6beec624ab0","1"
"0cdc9b5b-b16b-4ff1-9f16-5b4ba76f1c17","1"
"295291be-e403-47fd-b7ab-ae65ad60a275","1"
"32cf0731-b0cd-4d52-9723-1440f26bc68a","1"
"fb019639-eba9-4cdd-81fc-7998eb366d20","1"
"cad635b2-ebe5-4ada-8e37-01a26081db5b","1"
"fb7dac2e-a1c6-4a4e-84ce-9c0e4812a1ac","1"
"331dc4c1-6c7d-43a3-a93b-05ba43bfe191","1"
"3a0e22be-2ad1-49ca-8de9-744388ebc033","1"
"a6081bc1-2a76-4984-b21f-38bc3dcca3a5","1"
"32cf0731-b0cd-4d52-9723-1440f26bc68a","1"
"21cc39ba-11a1-4cb3-a00b-ab9048fa6cd3","1"
"b1a9c0e9-d987-4042-ae91-78d6a3267d69","1"
"ac8c46cb-d9b9-4e70-bda9-1ffc36e05eb6","1"
"4d1fe82c-7005-42ba-a0d7-7a524e7210ca","1"
"6f51468d-f161-41cf-8414-cd58b370bdf8","1"
"ef71afb6-5e51-41df-999b-9e7c7306063a","1"
"d37f1da1-ea62-4052-83b9-35e45e959520","1"
"ad23e670-2655-4ac6-8e56-8f09a3e0e80c","1"
"41786621-34ec-47f9-87f3-a263b1966cff","1"
"d8d2496e-0ffa-410d-a9e1-0463319de23d","1"
"23c322e9-a214-451c-b83b-4938bd7c2dc2","1"
"6da2cc31-9b12-4b66-9e26-074150f73406","1"
"3604eb06-4bc2-4416-9b31-ceadae51bc70","1"
"6fdd95d6-9837-4d95-91f4-b123d0696a2a","1"
"307ce9da-5690-4e21-ab71-9d12ea106e52","1"
"e29c5078-ae7e-485b-a719-ae2969cdbad6","1"
"b175c850-0249-48ae-af23-5543c56dd45f","1"
"1604072b-9ffb-4b9c-aa72-ac537a7ea0ca","1"
"16917261-681e-41e4-bf60-c21290a388ca","1"
"f949464a-07dd-4e75-bc86-4892795860c8","1"
"d2757311-6723-4cd6-8b92-8b601cae8cba","1"
"7571a56b-994e-4829-ae8b-71abb84809be","1"
"92ac918a-07f6-4f5e-b356-5897723310ca","1"
"2e31e4c7-8670-4470-b667-a27f78229126","1"
"d158525b-aaaf-49bf-928f-9a4ae143bb35","1"
"e013b1ec-659f-44a8-9db8-830938918e6a","1"
"6e2c56ec-b0b2-412f-a4c3-2a4c698a836c","1"
"f1347935-0fbe-4db7-8603-771e16d99b9f","1"
"e2e0fb6e-6375-48f8-aa8e-c4bd4ee56895","1"
"5bfa304d-6ea5-4a5e-b493-2a18b006169c","1"
"e4bd7f73-098f-43a7-91df-21fdeadf35a2","1"
"9c182cc2-f949-4c9d-bd44-9d00dafa8338","1"
"1243e386-d49c-48b8-aea7-ea14383eb67f","1"
"5913b554-e0b5-4e37-aa95-18cb1515390a","1"
"5b1c5292-8b42-4a1b-8305-84dac8ecf92a","1"
"edf14c82-4bc8-46f3-92ce-feff9d180495","1"
"757d3721-dbc2-4b39-b83b-7cab7f62f73f","1"
"42eaf56b-eb13-4a28-ad98-25bd5bf5a030","1"
"d00f6f2f-1cea-4a4c-946f-2144600ad410","1"
"1822df4c-5930-4bb8-b78c-4cf65294e413","1"
"c33e69c7-1d04-4181-a7d1-073aec4acd6e","1"
"7fb61ff8-7a94-4278-a1d4-dc64becd1311","1"
"27c8b82e-fcc2-49c9-9b1f-20385bc5e249","1"
"6b03f838-c649-4be6-88f7-35977f6545dd","1"
"1ba534f0-a80a-4c2c-b556-9bb6b52237c7","1"
"d708ddfc-8e86-4543-ae4d-e99502eeb8f9","1"
"20655d93-c325-4825-9018-50fa1b54bf77","1"
"39f556d9-ef1c-4773-a937-5dc222389b25","1"
"946f3c29-5f34-429c-8ab6-a4259bad2343","1"
"eb800fae-d19b-472f-862d-77584ec02afc","1"
"b7edcd4e-0edf-4a75-a796-2b39584cadfd","1"
"011fe4df-6ba5-4f0b-bb1b-459543684749","1"
"84c8de4f-e9a6-44fe-ae52-c5b64d5896e1","1"
"2e42a0da-277e-4d69-a483-2db2f6a81869","1"
"311ee9a9-3274-4458-807c-d72188c01774","1"
"1080ccc2-23c0-47e1-8853-cb3c3cc7624e","1"
"4b9db782-d7c7-4d57-aa38-f2c346d981eb","1"
"adfc657b-208a-4f02-beea-8b297e9e4870","1"
"7e634dfa-6f83-4dea-9f04-174ec581f0da","1"
"9c4e5d4a-e3ea-412b-92de-1271340c2822","1"
"3127a9b0-c5a1-4620-a3bc-dd58336484a7","1"
"b3d528c6-cdd4-4084-9ada-bff7860906c2","1"
"e3029cd6-a5f3-4d60-8614-d2c348c404db","1"
"08fc0d01-2685-4b1e-aa71-00b4cf23eae8","1"
"b4005c5d-3ec0-4cf5-a7bd-e75595297863","1"
"7c280965-93cd-479c-9f85-065b1959e197","1"
"6dc938bb-eae3-4d47-9aef-8b4631925311","1"
"4f191ce1-d430-47c0-9856-58cfb0cfc1fb","1"
"8cca4ba6-5813-481c-b887-3c11e3644d02","1"
"901b984c-e884-48ed-b2f4-8f0b9e4d8dc6","1"
"eda4a541-7a68-4a9e-8e9b-bc3dafaf0f65","1"
"edf622fc-e594-4f5a-bdc4-20d1aa5cfb77","1"
"d4a7c25c-8b9a-41ca-9ab0-c0ebc326341c","1"
"d3cb8f81-ad4a-40fc-8ae8-39eb2c5f45d8","1"
"76b624d3-b315-405f-89d2-ac05a0ec786c","1"
"2a52d1c7-838e-4c34-80f6-120a1e84a9aa","1"
"07f856ab-701c-4f97-9f3d-45c9afdb0074","1"
"4c5d21a9-aea6-40f9-92fd-897eebab80d7","1"
"559886d4-eb92-4f84-aac4-80935030dc5e","1"
"b40d98f6-adbd-4013-bf9a-81ee87eaf9ba","1"
"f02b66b0-de8a-4253-9d3f-02cfdb7b3676","1"
"08fc0d01-2685-4b1e-aa71-00b4cf23eae8","1"
"adfc657b-208a-4f02-beea-8b297e9e4870","1"
"9c4e5d4a-e3ea-412b-92de-1271340c2822","1"
"adfc657b-208a-4f02-beea-8b297e9e4870","1"
"119016a9-91ae-4747-b5fa-9d154af210d6","1"
"b8a82f2d-2526-4c90-a02c-8fed0e17c161","1"
"4558785e-acac-4b7c-8759-e94fe9803613","1"
"fd4a29de-c59f-4006-98a1-d4bb67bc2a32","1"
"d754e8ef-8d4e-4609-9334-64fdd1292b49","1"
"239233c7-f732-4430-95d1-7d25b38371b6","1"
"860afd82-1918-42a3-b67f-3fff9fd05938","1"
"5623fb82-f929-46fc-a624-3ffd67c1d796","1"
"860afd82-1918-42a3-b67f-3fff9fd05938","1"
"04cbd094-5a87-492a-bbcd-d51528369c03","1"
"fd4a29de-c59f-4006-98a1-d4bb67bc2a32","1"
"6fe67673-be5c-4279-adc4-336e99871b94","1"
"d754e8ef-8d4e-4609-9334-64fdd1292b49","1"
"0b304971-9f84-485b-9f34-50f12004cf0d","1"
"b25f351b-206f-4297-95bd-78459b704144","1"
"526bd613-fddd-4bd6-9137-ab709ac74cab","1"
"17416564-fb6e-471c-a4ad-0bfc45292cd9","1"
"780825bf-3a65-4fc9-8668-c712b6670ce6","1"
"35d19828-b571-4676-9143-cd9050e3dc42","1"
"f5e06360-5219-455a-820e-0c53575987b5","1"
"a7e79724-efbe-4261-8bdc-5eccc40f9c48","1"
"5d3b88e9-592b-41d3-b7e6-1d4f325ca354","1"
"dd86c6c0-aefb-4cd1-a4d7-3843d5efc902","1"
"d54609fe-4ecd-46db-8b40-23a89ca1c689","1"
"8612df62-c231-48bc-b907-e5fe8120a13f","1"
"9292cc80-2875-4efa-b7f8-ec2e25525d15","1"
"57b269a0-99eb-4b31-a4d4-ff311f965a3e","1"
"7e03ec50-7f9d-4945-a2f6-ae1c9a2538e6","1"
"a4c3bd14-c1e8-4362-9fe7-824de22a2de7","1"
"ba522c4c-7255-4710-a0b4-e77311f49d62","1"
"fd4a29de-c59f-4006-98a1-d4bb67bc2a32","1"
"0b26ee52-f5c3-42b1-b475-39c699088eb0","1"
"66466ab8-97ea-4213-abb5-5f977d30fb69","1"
"64a0f2ce-f726-44e2-aaad-1179688d0504","1"
"da0e1168-2f79-4274-8ebb-fb8790c8a008","1"
"0b26ee52-f5c3-42b1-b475-39c699088eb0","1"
"14aa505b-e551-4f37-adae-be23032ad217","1"
"54a25e0e-0bf0-4508-8e57-a4a1b64216cc","1"
"7add1639-701a-43f6-9374-ff53aab573b2","1"
"51e96079-da6a-4278-a5fa-23c3fea48357","1"
"b8a82f2d-2526-4c90-a02c-8fed0e17c161","1"
"4558785e-acac-4b7c-8759-e94fe9803613","1"
"529a65ea-a9d6-4640-bb95-f1e650e73e75","1"
"f4d9029e-66d8-4781-8159-54d6b8700b7f","1"
"af11ad72-0d43-4636-af9c-f36b4d16fc90","1"
"ab3b7b21-7fc6-4fd9-a791-e0dbb8219c6e","1"
"62687890-239f-4861-b9bf-6b88f7c31200","1"
"a44e8ae1-b673-4d30-963a-07f5eee40030","1"
"6ac443c4-eaf3-45e6-b423-2ce0fd1d3c31","1"
"c6b15229-fab4-46de-88dd-d191c7f7ec14","1"
"f2a8389c-7e46-4d97-a1b2-615a28aa26c4","1"
"a229151a-5fff-4771-abe9-bb2a19311274","1"
"3abc21d3-a681-4797-9a3a-6157b7b40f22","1"
"fa8c00b4-e501-42dc-9e25-8561f863bc99","1"
"97137930-a83c-4860-ad9a-b8dafab35e2e","1"
"9fd3792f-ee80-4a51-b031-6900026b0533","1"
"0a874033-18db-41ff-bd15-b9bd8022063b","1"
"90982229-060f-4088-95d9-4509d9d4311d","1"
"a7684076-202a-4e73-966b-5ec6efb85e80","1"
"8a228692-0888-4c9b-963e-30a2f6cedbfa","1"
"d6d71abf-c7de-47fd-b537-f60a86693c36","1"
"c92e03a0-6063-4262-a067-fec5b114d0ee","1"
"c99d105a-8990-4c6e-bbbb-904a4abb7c1e","1"
"ac8c46cb-d9b9-4e70-bda9-1ffc36e05eb6","1"
"e135871f-0fed-4683-90e3-ebbe435fbe4e","1"
"63935ae3-fa46-4663-b83e-2a502318e691","1"
"8f6e77c2-bb7b-4562-92cf-cfed63517729","1"
"c7e5ae79-b20b-46ab-89b4-63612ac3206f","1"
"6408732c-e22a-435e-97b7-eb38af1e60bf","1"
"5d017cef-6db0-45c0-bfb7-163c288f1263","1"
"48ca44a0-d64c-4e74-8dc1-c5850ce69f21","1"
"83223985-78c5-43f5-9a68-ce6f98be3a45","1"
"79d2061d-d0ac-43f3-ba3f-440091952c66","1"
"e2df6acd-2b8d-4082-b75a-2c819b49e517","1"
"943cfb97-86c8-425c-b2c3-9eadb75bb3a4","1"
"56b9d6d9-5c3a-42b3-81cf-b6059bf08479","1"
"03be25f5-53a3-44c1-ab6f-5bf4590be886","1"
"1fd70a9b-ac15-4a03-916f-98d73eea353d","1"
"4c1cae91-f8d1-4f6a-84f4-630346636002","1"
"8626ea83-8fbe-43fa-a3f2-738eda6f005a","1"
"5cd4188c-e517-4d3a-bcec-c477e57c35a9","1"
"ad178040-9f27-47ce-af15-e898d0bb4b67","1"
"934718d1-1ec2-4010-b622-759962080189","1"
"6194bc33-66b9-4f4e-8b39-0ce19744749b","1"
"5d017cef-6db0-45c0-bfb7-163c288f1263","1"
"de51ff1a-434e-4930-afab-02c0e6a063ab","1"
"20e0bc34-a511-4db0-875c-f67b9de231c3","1"
"f47b227c-3fdc-453e-b676-b8bea778d230","1"
"a982444b-ea49-4a11-90b6-af67efaa9039","1"
"4398331d-97eb-436e-bba6-9c8ab9ea726d","1"
"07c88765-54cb-4f08-951b-ebfaaaccf783","1"
"5a5f3360-31ad-42da-b3cc-29995a6e4217","1"
"89059bc6-a699-4b95-8e58-a99d355b4633","1"
"15a2f675-ff18-471b-ac8a-90fcb5fb734e","1"
"d5661bec-aaa4-4963-ad82-9b4a361af955","1"
"c82fd539-20f2-43a1-af39-21e60437231d","1"
"4b8f65fb-404f-42fb-8988-2ae6d962fc17","1"
"f3192d4f-74c8-44f3-81ba-f299f3fa3439","1"
"4a4da1bb-c9f8-486c-ba64-43c2365347d3","1"
"25fb866e-0321-4b2c-a525-36cb5313f44f","1"
"d81dc5a8-1ed3-4669-9e51-f2246ad3f407","1"
"a9915135-8a30-4e14-a4ac-eb6366d80608","1"
"51f257d0-fde8-4eb8-b143-ce6daf3b0009","1"
"b903f17b-113e-4056-a880-3f4c00340cc1","1"
"3ec819b7-533e-4da8-9355-05078bd1dd68","1"
"98de3331-835a-4141-bc51-de2b9ee5c167","1"
"e216a5f5-cdd4-47b5-a457-19b9474875bc","1"
"aa659ab4-c01a-4b68-b3b5-8dc44785f9c5","1"
"a2909c45-63b6-4228-8903-058b399c9192","1"
"a4dabc07-2ecd-4cca-9f87-b2e37d702e64","1"
"c531df16-4975-4afe-a676-168936297277","1"
"ff8902f8-60fb-4e60-ac68-ddf400c54747","1"
"8139e52d-6e1f-4a7c-b522-dd2db6c77ee1","1"
"bacdbdfb-7917-4583-ad14-81bf13501aba","1"
"001a1f2f-af6f-41e7-b1ac-6df61ad513ef","1"
"0b585578-1cb4-41eb-89b1-bb6cb03db31d","1"
"0eb294af-3fce-4d23-aa72-1887b0b394c6","1"
"3e27e9f1-f927-48be-bc12-12ac584d2c02","1"
"769c6f52-f926-43c5-ab8c-12a2bfa71a89","1"
"f415141c-5db2-47b9-b84a-a14e28590abf","1"
"ca11bdb5-c3df-4bbe-b6c2-f1acf81d5c2c","1"
"5458d853-4231-4539-93f1-eb557e6d1e8e","1"
"4db1ca79-cf28-4dcc-b4be-aa3ea8c71408","1"
"79354e83-9fcc-42da-a15d-cf6fc6e7ac4b","1"
"dd6d2b6b-3a9d-4631-a314-3965abe7020b","1"
"239233c7-f732-4430-95d1-7d25b38371b6","1"
"02c6032c-c72d-4f75-87de-119434f47661","1"
"ae06cdc5-f662-47f4-8284-cfe5bae8cb3f","1"
"3a331410-49a1-4705-9f60-82c4d0577724","1"
"31c7e800-9193-4119-b233-0e31a0de55fb","1"
"66908b7f-050f-4e8d-82b0-a768a3d80c63","1"
"11b84c87-1187-4283-bdb9-c838d710c9ff","1"
"efee2fd4-b427-4c18-bc4a-6632c215bc0f","1"
"94f58052-69ae-4a4e-a727-f9234ae2c177","1"
"890a7935-e051-4222-8951-f2fae938b9c9","1"
"8fd40d1a-a40f-4a62-abe2-b6aa90ec2e1d","1"
"a7ab71cb-adb7-4d45-acf6-8b9968179ede","1"
"6080873b-ecca-417b-9f38-31fd477bb116","1"
"4e5c73ea-b15e-4e78-b54c-602047c18644","1"
"d4337ac0-9103-4ebe-8d1a-4eca99a05123","1"
"cf2f1d26-3e46-47c4-9196-a6f3510058ad","1"
"fdd7dcba-7f26-4868-af91-7c8466891dfa","1"
"822b6dbf-e8af-4e3f-b28e-0b1c22aef9bb","1"
"6afe1df6-a3d2-45b7-afd0-2fc9c8d47cf8","1"
"f87efe0b-cd35-4b87-ad28-9ad5e6ebb6d4","1"
"dbcbbf69-633a-4a42-b74d-7d593df3285d","1"
"b2276622-f0fe-4cfd-9cbc-c2e141242456","1"
"055c6aa2-397c-4410-9461-842e1955dfee","1"
"0e2b46bc-7e59-4d96-bafe-08ef6c3cbf2a","1"
"3435f1b0-783e-4c7f-b42c-b4e92993d387","1"
"bbbe8575-8000-4692-9054-4afad0bab101","1"
"5b2fb051-484e-400d-a098-4ca564fae299","1"
"40ab29f7-f8a0-4838-a562-4a62ed8f447c","1"
"edf4b77a-2a20-4d6d-9d1d-ea1dcda31b40","1"
"cff0e6f3-a25c-4c22-9150-cece3fcd3b31","1"
"a789abbf-fefe-4a7d-9d45-3efbfd389c88","1"
"fa36c6f7-f239-4c76-bb0e-46f857af1e35","1"
"3c801138-3438-4658-93d3-4499180f3932","1"
"ace7e1ba-244b-410f-a73e-9b68f895ae98","1"
"0d69c626-2b5d-4e7d-ba1e-937ad244f8b1","1"
"df72754b-0c18-443c-9763-764839d5f3a9","1"
"aff1613d-fffe-4d54-8dfb-50e2faac7f8d","1"
"8d8090c9-eedf-424e-a37b-77321650f371","1"
"61cf81a9-4a11-4495-91ff-584be0d2c8eb","1"
"07dfe5d3-0b50-4a60-b4ec-5e648eecdf5c","1"
"5d3b88e9-592b-41d3-b7e6-1d4f325ca354","1"
"76b624d3-b315-405f-89d2-ac05a0ec786c","1"
"a9f4884b-a451-4b36-bc2d-7660c3e985c4","1"
"264cf466-998e-4b9a-9753-0786ecbeae84","1"
"2779cfdc-4756-4f61-867f-c0285bc1dd1e","1"
"3c2250e5-d774-4e5a-90a1-51379293582a","1"
"dc4d8216-b6e0-41a9-8654-c643b7f31887","1"
"ae7db225-a7fb-4276-a6d9-6cc88d992fa8","1"
"2c4681ad-32a3-42c7-bfa4-f6efeedf9eb9","1"
"6845ac3d-0250-43f3-ada7-b48bce6c226d","1"
"c72d3193-e525-496f-a794-f4fba664ab52","1"
"c38964d4-4286-4328-a071-fac8d16a9cde","1"
"ccc876cb-cd1e-45df-a3f9-aa2bcb0e6197","1"
"d16587d9-92fa-4350-a3a6-07b29578b94b","1"
"a59d0d49-2351-40b3-bc14-23ba44f8f99c","1"
"04e7505f-02fd-48a3-9c4c-c1fb73b7d471","1"
"f2b47560-7871-49a6-8597-8395ca72c036","1"
"e79a30ab-20b2-415c-9779-2ba6a9bfe221","1"
"054abeef-8c0b-4e42-b228-ece0575f4d9c","1"
"8a1adf7c-a53d-4280-baed-fb26bac5d831","1"
"98cc192f-0849-4849-bb2c-db7430b86b1c","1"
"d68202e4-035e-48db-ab14-26ff5171cc57","1"
"394471a0-1158-4e7d-a87c-6f6b1221b40d","1"
"70c447ef-32fb-4c1f-8c5c-8901fa01c149","1"
"eeb970e1-41c8-4644-ae1d-38db6f27b489","1"
"281ed3d9-dd47-42a2-a0ec-ab8dd6f538fe","1"
"e90fc574-375e-48b2-aa99-223c8ce7b552","1"
"345a0ad5-c13d-4369-9d07-e846b51955d0","1"
"79669085-7892-4b4f-bd44-55319ef9f641","1"
"17aa0283-7956-417e-8586-2b00e9dd8769","1"
"66c5c9e4-8bc2-4ae7-8cab-877d6631d4f4","1"
"7f54573c-15eb-4232-bcfd-27f83e7a50da","1"
"07d6151c-88af-4863-ba1b-acac67967531","1"
"2ccf0164-656e-43e6-8506-79d515fbd46a","1"
"c04d845e-e14a-49b8-ba40-9f15661b55c7","1"
"671bf733-df54-41ec-a94e-a7423daac357","1"
"eba2b835-729d-44d7-bcdf-ae66431f3667","1"
"10db7dcf-c9e0-4075-959a-63c9a444e06e","1"
"610d8f36-3e85-4130-b2cc-2ad617f54c36","1"
"26b2d838-2767-4a69-a77d-01820fac95ca","1"
"d4a10604-ca31-4020-aac0-4754bb49a91c","1"
"6fe67673-be5c-4279-adc4-336e99871b94","1"
"5bfa304d-6ea5-4a5e-b493-2a18b006169c","1"
"55a485e2-073e-4327-ab47-838bd5c83f45","1"
"99ec785f-7b8a-4e1d-a261-795c51e6cb7f","1"
"1ac288c0-6fd0-4ca1-aca2-6731b62a4d66","1"
"30e1d248-db88-4cd4-b78d-ef2b365aa784","1"
"27697708-3c75-4da4-9d04-7594b99498c4","1"
"d0d5ae82-5942-4a35-9dff-5cdd99cd555f","1"
"57113a4a-3741-48c2-83a7-a0d80179a243","1"
"9f2d6043-0a19-4d02-a2db-50fb60037a07","1"
"f2d71a50-a7ba-45e8-81db-b24794460772","1"
"5acd1fee-4529-4bdd-98b0-467e248c29f7","1"
"681c87ee-8476-4613-a05c-010d51009581","1"
"e5d7b5a8-397b-4806-9018-6e8dd44258d8","1"
"2353aa80-b6b0-445b-ab53-439517c530f2","1"
"e800b22d-d2c1-4dd3-ba98-70397dc10ced","1"
"10e605a8-aa10-42a7-a52f-94944f133b8c","1"
"f20297e3-ee50-4f9c-af06-bf6159ac9b4d","1"
"e83139ba-3bfa-4e57-9b9c-49a357a31874","1"
"71d4b759-fb50-4144-8a17-990a7c5cd12d","1"
"d0be11d9-c056-45fe-9189-70bd5d9fbb32","1"
"9944dfe8-9dc1-43d0-a9ed-639e4fe49b39","1"
"7096cce6-f319-4f9e-a293-4b7fe32ca303","1"
"74444da4-31df-40b4-8da8-52504a13e79e","1"
"ab1087f1-f4dc-478a-8775-a8018e9b52db","1"
"d8474a00-8c31-4166-a246-f14948d36088","1"
"b12a660e-dfff-4d9c-80ee-9c9a8317092d","1"
"d754e8ef-8d4e-4609-9334-64fdd1292b49","1"
"5d65495d-9d74-45e1-99d7-2722b939f66a","1"
"f041a3cf-9062-48d8-a758-5e640e5399d3","1"
"764b011c-cec7-44fe-ac0d-f5023de73358","1"
"a09d560b-7c67-4de6-931e-f735cd3a9cb8","1"
"4ae87812-f285-4b1f-b74b-88be9b4b5bed","1"
"001ea821-8523-435e-aeac-125024cb84ef","1"
"92c07ce0-49f4-48fd-85ec-bca8edb5b0e1","1"
"93cc99ea-adfe-419d-a8f5-e9ebe63b5fec","1"
"d0fdd7b4-a240-44b0-9603-41b252265b47","1"
"03ca3a65-bc7f-4c7d-975b-9548e1dc6471","1"
"2bf8f547-057d-4be0-82ef-f19a2e3ac402","1"
"7dcec16f-7691-4042-9f09-616bac2666e8","1"
"f650bc3b-3f99-4e70-b2b7-0e21286e9f14","1"
"7096cce6-f319-4f9e-a293-4b7fe32ca303","1"
"6649f2c6-27d7-46f8-8340-5a7dcc69167b","1"
"6aa6b5d3-2064-4d95-93a4-aaaf1a63e762","1"
"d6c42cd1-e9f6-4cd8-8f0b-536e99fe93e7","1"
"db5e70b5-e0ea-48cd-878d-dab8e584258a","1"
"c9ac3572-a1e7-4ad5-9e6a-0306b965e05a","1"
"542ab58b-1053-4d9e-944e-20bf63d39481","1"
"d395e1da-e886-4739-ac6d-f8a721024f63","1"
"bc3fb1fb-02b2-4ee3-a0df-eef9b6c132b5","1"
"3da9fbcd-70af-4365-b157-09a04bf45503","1"
"347e66cd-3eee-46ca-8ce0-7fc2440d3e41","1"
"153fa348-357e-40b9-9d9e-2e53bb7247e5","1"
"8a2b1729-4592-4131-9c70-28b7582d23cc","1"
"b33f8903-a613-4a51-8268-cf0380627b1d","1"
"81e4434a-eee4-4d93-9a80-907b61b24710","1"
"1d540773-4311-410f-a746-3f195ab65b43","1"
"d0e13248-6f17-4a81-99e5-1f8e5be70a01","1"
"9b13a9fe-7383-49c7-8b29-508336e3eced","1"
"44140ecd-ca40-4d45-8c3e-c4df35ca0462","1"
"1a6f2e06-da59-4d3c-bb9c-bbc696bfe379","1"
"f655c3c9-e64f-456f-921c-564d6ae60caf","1"
"ce19bcb3-821b-4dd4-b79f-897607e0684f","1"
"a2a4ebc7-f711-4a59-bceb-471541c23f82","1"
"4c2a08bd-26df-4e68-835a-5bc8ff9bcf8a","1"
"f6398a2e-0e03-49cb-91e5-85125ad41f84","1"
"36412709-35b6-4e7c-8488-ed7f6fa0140b","1"
"9cc166ee-40b6-42ca-8510-b01e2d59db6c","1"
"413c47da-b7fb-4b09-9cb0-1a8d7e6e7e95","1"
"a278228c-a97a-4e72-a632-25738da8397b","1"
"27ce89ba-2cc5-45c3-8b1e-3a0c294ae02c","1"
"2a52d1c7-838e-4c34-80f6-120a1e84a9aa","1"
"4152c5db-f363-4d6c-b42a-94a9c25869e4","1"
"af477920-318a-4e58-b8f9-0857001dc629","1"
"380a2de6-1664-4685-893c-67bf1591b8e3","1"
"2aebfb12-6452-44ac-ba1a-d9b7765bac54","1"
"4153fab0-53b1-4ce3-98a1-73988230cede","1"
"21ca5aec-435c-470c-9671-17897b326332","1"
"af210e01-d2e8-4ad4-9f15-ed351f5afd89","1"
"b2e48eb4-49c1-4b54-9450-abc75daa844d","1"
"8a425533-f82b-4f11-bdaf-5c3fa647442f","1"
"7e99e6d8-9ba3-4068-b368-0c2ce10f0515","1"
"860afd82-1918-42a3-b67f-3fff9fd05938","1"
"16e5442c-e42a-4ff9-994f-f88293e9e430","1"
"4ffb2f1c-9294-494c-a597-7aeb9e7a8ead","1"
"75a6e62d-0e32-49d6-84dc-37058d16c25a","1"
"4416d38e-0f68-4c75-93b9-c1a793fccb49","1"
"637ad74f-52ce-4fa2-b59f-2fef882223ab","1"
"e44e7ccd-3297-48ed-8611-0beb6087d92d","1"
"7fe294e9-e2c8-43e9-b0a0-9ff1cba89685","1"
"3566e453-8f10-4a45-ac85-2c72eb183ca1","1"
"75a6e62d-0e32-49d6-84dc-37058d16c25a","1"
"58221b3f-7470-4001-a718-6379bec69a20","1"
"424c10aa-a857-4dc6-872e-2a8fb0b707f3","1"
"e33d52b7-2ed6-4889-89f4-7a9e696eac37","1"
"804faa86-7dc5-49b3-a151-9382e58f2eeb","1"
"c4faaf80-30a4-4803-bb1e-2b7ad90ab794","1"
"8717d821-88ef-4873-bd91-32a0b72ba415","1"
"4c5d21a9-aea6-40f9-92fd-897eebab80d7","1"
"e6bb87da-5b8a-4d73-97e0-ccf3eef9a301","1"
"04cbd094-5a87-492a-bbcd-d51528369c03","1"
"d0be11d9-c056-45fe-9189-70bd5d9fbb32","1"
"255cae60-fe96-4b3a-af57-d2944a2424bc","1"
"5f38b950-189d-4d8c-a1d4-ae1ce3f84066","1"
"9bee7a98-ae64-4d80-9a08-832181a54aaa","1"
"1ef0dcee-4492-4b04-b3e5-460c02c91f7e","1"
"218aa9b7-5838-466f-b448-f0b76f460094","1"
"baacd0ab-fae5-4f00-a27b-a3f6386afa4a","1"
"f0f10c0a-e7c9-478d-9e16-f98af6f4f287","1"
"b1298b51-6f1e-4eb0-b0c6-6a994d540a19","1"
"d65f128a-e18b-45bb-b41d-e0490f303d1c","1"
"cdb9da14-5ed0-4628-9f00-8adb764f2e93","1"
"630873d2-ba3a-4840-b024-40db1ada2fa0","1"
"5623fb82-f929-46fc-a624-3ffd67c1d796","1"
"7fca5f20-2d06-4bc0-a338-d9f8073d7d23","1"
"85350f6c-5f47-4aeb-aea2-f4f839512a69","1"
"f0164dc5-ab99-49e0-ab0e-b3971cbf026a","1"
"5934269d-7893-4097-81ef-c2ced8d80c03","1"
"1aabba75-6657-4531-b5a5-c31ae5556107","1"
"f236b96e-6b63-4bb6-b812-59812133b336","1"
"92c14240-5da7-4f42-a5fe-2da7403bc70f","1"
"b64a20b5-84f7-4bcc-b9ba-f48eb97c0d06","1"
"485de3ed-2214-4d40-961b-f16c731be6f6","1"
"23fcab8e-2687-4000-9408-8a26ad127768","1"
"afd50de7-2781-4ee8-801e-4edcd6defd3c","1"
"edf622fc-e594-4f5a-bdc4-20d1aa5cfb77","1"
"901b984c-e884-48ed-b2f4-8f0b9e4d8dc6","1"
"bcaca84e-db24-4337-8c3d-62d65285cff6","1"
"39f7fc27-1cf5-4a8f-a4a3-9a8be77de85a","1"
"6fda33d2-dbe3-4bb7-8d14-4fef115e390a","1"
"b40d98f6-adbd-4013-bf9a-81ee87eaf9ba","1"
"49a7fd0c-2e9c-4032-b21e-b411a1609e90","1"
"bb69623f-1a20-4c4e-9df0-7a9480edb900","1"
"a6d20932-6f1d-4b4a-a14c-90c2cb6a2ad0","1"
"119016a9-91ae-4747-b5fa-9d154af210d6","1"
"a38e025c-f1a3-4093-8966-676fcdcdd0e0","1"
"fb0453ee-996c-4826-83e5-20ff9312be6d","1"
"e9ba89bd-ab94-465a-8c6f-9d37b4b5d2cd","1"
"0b6d8772-d315-42d0-94ec-60c71bb66f20","1"
"32f58b12-73cb-4718-8c14-5e8f2abd4e5c","1"
"0dcd21fc-fbd6-415f-a2f3-69c1bad432ab","1"
"90836448-69d3-4d82-82a1-0d9ff38dbbff","1"
"1cba28a5-95a9-48a6-9b3d-d1fe7df00d17","1"
"4b506b20-c423-44db-88b8-9adb2bcb6624","1"
"170dfa5d-0235-446d-9f3d-d235c01abc91","1"
"b8a82f2d-2526-4c90-a02c-8fed0e17c161","1"
"f287048f-0289-41d2-85df-3c8f5bb97629","1"
"e08baeb4-9362-493f-a418-d29f9a1ddc0e","1"
"79784a91-bbd7-4fb0-b873-eabbd8a8b738","1"
"81b12603-287b-4956-8597-65473437f371","1"
"4fb9a0e0-3a16-432c-bdb5-25b328a14796","1"
"8ba68fd8-252f-4f7f-8ad8-62b33eeeff6a","1"
"153fa348-357e-40b9-9d9e-2e53bb7247e5","1"
"7487e816-16fa-4124-9f57-591bb67d78aa","1"
"b28f572c-7271-4af8-ac5a-a3d0e578b737","1"
"c6c5e631-6be3-4db6-9e55-dcc1d2b7d1e9","1"
"7e03ec50-7f9d-4945-a2f6-ae1c9a2538e6","1"
"a9f4884b-a451-4b36-bc2d-7660c3e985c4","1"
"cb335533-8f0c-4f53-a045-8e4c254f9b22","1"
"f987f46a-8efd-4baa-ae42-9e03165b273b","1"
"3c8014ab-2807-47df-b24b-1f1d6947ec8c","1"
"39ca6f3d-709f-42a0-b797-4dae1b16c8a8","1"
"4558785e-acac-4b7c-8759-e94fe9803613","1"
"7f3d11d4-a669-420a-a7c1-1563ca99af91","1"
"6a263822-6262-4eb8-a1be-62a27f5a2c33","1"
"98fa9138-48f4-41af-ab52-6d36bcb602f2","1"
"340676f8-3384-4b2b-95d2-640d3ca95177","1"
"0380a07c-34b0-4969-b2c7-7900f70d8273","1"
"c95b01be-b9da-4883-a11e-b6447a4d4d4e","1"
"559886d4-eb92-4f84-aac4-80935030dc5e","1"
"87d36f49-1283-4e81-81c0-c2287c16e423","1"
"ef1d24a7-177e-4784-b423-6cec2ef63548","1"
"c17967f7-0f9a-4b97-8dd9-5577dee4cf60","1"
"79a6b1ef-f98c-4434-b61a-20f84e980642","1"
"1b5b4a9e-0bfa-4d16-b2d9-9364c7bcce1c","1"
"d8a8d6ec-3782-45cb-ac6d-a40547ab9e09","1"
"adce11b2-de0f-4cb4-9371-a09467f09ad7","1"
"6419c405-5f6a-48e3-9b9e-0db788fa1e0b","1"
"d3cdee65-9434-44aa-8fe8-bdf9d2560cc3","1"
"2b9f788e-bd70-4d60-b098-2544d19c26a5","1"
"c4be47a3-6d96-4917-9eb5-f65024f3e03a","1"
"e778e6d9-8329-48d1-8dda-b5ec178d12d0","1"
"865771cc-cd08-4337-b044-3c9b920441da","1"
"4c60ecce-355c-4b53-8a9b-9148c8579bb6","1"
"962c15b1-d894-4a4c-bbf7-f3bcca9261f5","1"
"c34a642d-75bf-4b37-96b9-ff68c6d04dcb","1"
"4a8dee21-7850-43aa-9b6d-d19023d63717","1"
"dd6d2b6b-3a9d-4631-a314-3965abe7020b","1"
"d35cd663-b6e9-44d3-819a-316211bcad67","1"
"be9443b5-db3d-41d5-a1e2-bd218b4ccc58","1"
"349ff295-1de3-4f8c-ba1c-f66a47d812b4","1"
"2eebb75c-a88e-409a-a521-32bc15f556f0","1"
"2d0908cf-8a73-49d9-98db-f4bfe8a8d55a","1"
"2be922c8-1250-47f6-895e-c4da99a93fde","1"
"d49559da-680d-407d-a5a6-f65bf6ddbbc1","1"
"fe55edda-c6ab-4f5a-891a-77e27acfc086","1"
"d4201a5d-e4e6-467c-b86a-0da256d5a027","1"
"cfbe0ef6-bf54-4da5-bb93-efbdb64ff9fc","1"
"b7b1dd42-2b51-4a41-a2da-2ba6a88a5905","1"
"54d4e036-0c12-409e-b8d6-56b6a6b33e96","1"
"aab3b236-abf6-4f45-b87f-bff4e376727f","1"
"6bae37cd-8f08-465b-8de2-bca0c05c66b2","1"
"3cbc5ccf-a014-4aed-8b9e-a805030acc52","1"
"ba930f88-6c26-4ca1-9c94-c466feb80798","1"
"fd563699-5793-4407-80a8-2b7a9a5c1c7f","1"
"dabf85e1-ce84-467b-a267-1e6a36b600ed","1"
"ba930f88-6c26-4ca1-9c94-c466feb80798","1"
"377c861f-5ad5-4d69-930b-1de89be378e6","1"
"7a235148-133e-457a-a0fe-102f24953b97","1"
"b9bf3177-ab20-4bfa-ad72-5158f6b6fb55","1"
"0c9d62d2-a1fd-4f10-945a-61c5ebb1e520","1"
"e8f7a17f-b1ae-4de0-a95d-9afe87f2b78c","1"
"d1dd86e0-8d63-4368-86f4-d7e7faa9bc7a","1"
"fb70cd3f-bc37-4bcf-9b98-9b312884948e","1"
"f0ddcd15-b9c2-4674-8455-c9abcbbfd1c0","1"
"706ccda0-4cf7-4bc7-b059-4835cfdf7cd7","1"
"94be3f8d-4cf6-4a53-93b3-dc85e14f2712","1"
"6e2c56ec-b0b2-412f-a4c3-2a4c698a836c","1"
"5e1a6571-4737-4b58-87b9-7a3a7e5893ca","1"
"677d8266-5286-4f62-b11b-b4da0619cc95","1"
"ef7faf39-f6cd-4b65-a032-4288d2133762","1"
"f4ffb571-c4b7-4959-af60-fe2a9cecb133","1"
"dc1b3728-a079-4dd1-a856-ecd9feeecf23","1"
"7bd6af6a-80bc-460f-95c7-dad3272efe39","1"
"6d19aaa7-1eb5-4488-a54d-fe07d0621a7f","1"
"5eaee471-7c3e-49ef-9dba-2f09b2d41fd3","1"
"c5b8f2ae-222e-4782-9c54-72298263ab8a","1"
"6ae75c90-5cb6-48f0-a262-6607659c884d","0"
"3d8564da-71d8-4013-a878-115daaaa479b","0"
"f558948b-bf07-4bef-b90c-d8132f66c2c9","0"
"7c24344a-554a-4ba2-998a-f6ad23ca943d","0"
"26518214-4c4b-4b5e-a146-75c6d7358a02","0"
"450902e9-4f24-463e-90ac-939324ae3952","0"
"47fc6802-2261-4381-a302-2b72d2444684","0"
"b396f637-f5e1-4b1c-ab7a-9e3043cb0637","0"
"2cd53b59-12cc-4a0f-9799-a78074470d96","0"
"429b0230-73df-473d-a10d-b42561cd7c1d","0"
"7b8fb553-1bb1-4ae4-9913-dd43e0ae50bb","0"
"ea0c08e0-fc5b-4e98-a0ae-87124bf4c55a","0"
"360211f4-ff96-4a7c-afe5-63553fd94b5a","0"
"fcf5622c-9787-4181-9b40-a14bdc8dc28d","0"
"17c501ca-234f-45ea-a01c-76a04327da3a","0"
"56dba622-6c33-4126-8d20-68cd2b68df6c","0"
"edf92344-a034-488f-a06c-5aeb436aa4e2","0"
"d969918d-1899-478c-b1d6-f22a8d6fff6d","0"
"b33b7108-054a-4f56-bace-2ac209e5133c","0"
"28ba29c3-3a60-4148-90e7-c9dbb9e2c40a","0"
"f8a0158f-8236-47b6-8258-131be47e811f","0"
"7eaca3f4-3574-478d-84ed-ec27f7d54289","0"
"1a15c8fb-e248-426d-bb19-5e9f48476dfe","0"
"588a8b4a-08ff-487d-a091-cdcd0dadbda6","0"
"661ec343-3262-448d-9d46-c289916942eb","0"
"ac1cc670-3bc0-4de3-ac9c-1d00946bbddc","0"
"2f9bbc73-88db-4fbe-9936-b13776cf7e77","0"
"a148b4b3-483d-436c-8494-9b3d7c979870","0"
"cb45a4a5-4f5f-4a68-8bbf-e1f58d336830","0"
"6be12749-02be-4ac3-97f0-afa0f14d9bf3","0"
"ccd7105f-bd6e-4923-89cf-bd4d57619882","0"
"d7bd3f0e-2aba-424c-9457-db5341893aef","0"
"7ab798bb-b279-4e0d-a228-d2680a326518","0"
"55149c8f-364d-4074-8b72-6c559b013968","0"
"c301f771-ac4b-40a4-b87a-fb1e675e85f0","0"
"36e6e907-ea9b-4523-8767-201ef72e537d","0"
"afa1576f-3b7e-4562-9a41-1be931f2a55a","0"
"96241467-1e51-40c5-b502-2aca6d40afa7","0"
"1882ea80-7a2a-427f-b918-3f3722a6e3b6","0"
"9f6069d7-edeb-4d02-9aad-33898f1732df","0"
"6f34c126-d0ec-4b45-8282-cd91056f2aaa","0"
"94b7c530-25cb-49a2-98fe-b18d6ef010c9","0"
"b920d557-35d4-4e9c-b160-b85b717955c1","0"
"14e21f7b-9d3a-4b31-bfdb-2e544ba5b32d","0"
"2a8d353d-263c-4199-99d6-d8803be68a4a","0"
"44b8f4bc-a468-4f54-9172-662e0ba57978","0"
"58748bc5-315a-4200-9190-82a23ee96878","0"
"37bf8e8b-a338-4f73-9e85-3db4a404774b","0"
"70d7ee17-e2bb-4160-a560-c7c2083194af","0"
"d455efb8-a9e0-4cc4-b9b0-fc04223ce13f","0"
"060ef667-2455-48a9-9b4f-666c5a360a57","0"
"d4a793aa-b2f2-4e66-add8-00dc928feb13","0"
"52722f6c-df27-4c6c-a0ac-bf671cb1e251","0"
"271cdd67-bddc-4314-b122-fe2122d8ab05","0"
"7a498552-2796-421b-9b76-c233ad848108","0"
"fc3c32af-2782-475e-92d4-344a1e1b8d54","0"
"98c8fe6e-db7a-4925-b376-4fd2b192675c","0"
"94cce56e-1c96-4c60-a86c-394faa9ebae7","0"
"7aa60900-fd73-4333-9b8e-16e2181cbb95","0"
"86a7e68d-8f0c-4208-9a6e-a2f1b0f9a1c0","0"
"7edb3aa0-ec0a-4dcc-a174-ca4eedabef6a","0"
"03e10760-8ead-409b-9800-e0d56fa64109","0"
"783f5a7e-d17a-4840-bbed-89d7ee043f5b","0"
"4fa9aca4-4d99-4a34-9308-3f56b175dd3c","0"
"10144252-b966-4806-b452-c1e469b9bdd3","0"
"d4f195de-3066-4f7b-897e-049e557b4d91","0"
"a80c5cf7-588a-411d-bab8-bc02d16325f5","0"
"0ce3ae0e-8c21-4da6-9015-22c57359a703","0"
"c5d402d0-feea-4a0c-bfb9-4235c91ae621","0"
"16ccd684-1ed2-402f-b673-05792487d33a","0"
"7bbdbaa4-8188-42f2-94c2-cfad6d60c491","0"
"986ff18d-5aaf-4d8f-9428-6a260b75fce1","0"
"8f2bc91b-75f3-47e2-9f5d-62adbdac55f1","0"
"569bbeca-78a9-42ae-8308-d8ca97980030","0"
"39877b1d-5a65-4b69-9e9c-69274aea6371","0"
"afa391f1-9f88-4257-a6c1-8b9553c30385","0"
"eafb838f-bd6e-492b-bed3-a2e8c2682fa5","0"
"7042a89e-b52c-4a02-be9d-b3b688eeb2af","0"
"e44a6633-152f-468a-8661-6654deae7a5b","0"
"40a1e951-4380-4dc6-8a21-dc631a298239","0"
"5354b126-f346-45cc-a8d1-38f05ee28f16","0"
"33b9f733-cd53-4535-9dad-d48aff31aed4","0"
"942d9abc-2f3b-4aa0-a097-587392706c71","0"
"a309c7b6-c412-4bb4-9e38-dff293bd75b7","0"
"661392ac-0cbb-4002-86cf-b365162a9e7c","0"
"13517049-3f7d-4ddf-b03d-3604db3dbea9","0"
"cc5a8f25-77ef-442f-8871-5116f7c5d575","0"
"9aeb6ba8-86ed-4faa-a43f-bde13d84dc54","0"
"ff64be58-9692-48a1-88ce-a2f8d3890b29","0"
"ea505847-1bc5-4cec-b456-fb85c046f22a","0"
"e78a030d-e4ed-44eb-a481-acd13506de18","0"
"ce7bf2da-7d32-409c-89fe-2b3cf505fc50","0"
"ec16828c-b4e8-46cb-b09e-1238631c491d","0"
"d0d79524-bed7-4e32-af40-d42377aa1fa2","0"
"06688da8-ed0d-4a8d-8a53-79d84e9b291d","0"
"df44bb54-673c-4f1a-97d1-e70ba697398e","0"
"98f6f936-1797-4224-9fc8-9f0b6c64f537","0"
"8ce62f75-b583-4337-a945-9a6fcb30024a","0"
"b4dd27b4-95ca-4cb5-9a29-a4cf937dc478","0"
"839a545a-7903-4b3e-80ed-60f4f86974c1","0"
"3d58a6e9-3f46-46bf-ab88-9cd2aaad30b7","0"
"6a52e8dd-93a0-40e2-a9af-09141c997366","0"
"492e34e2-53e8-4275-a84d-2a904b705218","0"
"26a38277-ddb3-4575-99b8-9cf34f5601db","0"
"b6796620-a878-4416-bc0d-c4c658b50485","0"
"e25e47ae-5be8-4bb5-8578-e4b4df0eb000","0"
"58f49453-b5c1-4d56-9a06-163801ef2f89","0"
"833debfd-3383-48ee-907e-bd421b2b8723","0"
"e56fcb4f-50ee-4d15-8611-59eef0e06841","0"
"d75c902c-2552-4e40-9c81-e97282c46fff","0"
"36d33143-f967-4586-b823-250e685733e2","0"
"e561e69b-fc47-4a41-b9e1-6856980a77e5","0"
"898059a0-753c-4943-9604-d3c0e2929d81","0"
"10ed3fef-5b54-4b5a-93d2-4412cde518f1","0"
"eb42a83e-dc51-436a-9972-1520a80c5115","0"
"194b7699-71d0-4064-9ac7-bff3735a4b03","0"
"47dc1ca1-2002-4070-ad2e-3ebe9401473d","0"
"11ed671b-b2ec-4756-932c-a205e38147f0","0"
"398bf241-7d57-4993-860b-1f9ef496c97f","0"
"e6633eaa-f3f3-44b3-a18e-9ca35b12517d","0"
"7766ea21-d94e-4f7b-966d-2d2e2b1f137f","0"
"f14afe19-eea1-4115-8c81-eb41b8284965","0"
"1878d513-3436-4495-a88d-08225ce9bd06","0"
"1f746931-2a54-437e-9804-27aa385a4e82","0"
"9488e575-4c2c-4a30-a064-14b02acbe1ac","0"
"67d6d450-f0bd-4427-94ed-df55ecaa735c","0"
"c1453699-ddef-4812-b110-85f70310df19","0"
"1e72e669-7d22-4e5d-b97e-16c2348a4e90","0"
"a0eb8c91-e3ce-4fef-a9d7-3d03753c6ece","0"
"c834e8b6-6ace-4755-8d10-434027b2ab10","0"
"7973f454-009a-491f-b088-bea495df3840","0"
"853a4eae-79a2-4968-8454-7b6ab34743c2","0"
"1c0f4805-ef86-48b7-8d1d-61fd30d837e9","0"
"a35c85ff-d394-485d-8133-084e0bf15409","0"
"29ff4f02-fea5-445f-b479-3b1c5a998323","0"
"e27e1194-0ef5-4e0e-8322-eb9c0eff6e01","0"
"8c78e862-cb3d-475c-9451-2d4b98d16c4d","0"
"1c27df20-c5f9-4c82-a155-8eac7298edab","0"
"c6333bbd-dfa3-4c00-bff9-f436f7664490","0"
"16865f78-73e1-4f50-92c4-3322838fc187","0"
"8ea975c3-c243-4388-aa00-b075d2dec07d","0"
"8cf81f4a-05fd-4688-bb8c-eb59df2026a0","0"
"a2b6d3f6-2ab5-4522-9a40-e589fb8f6e02","0"
"44e88237-bdb1-4176-9687-714f0d9f6f76","0"
"9846e3f4-7bb9-49be-8e91-837a5ee5cefb","0"
"c2061d87-585b-4fdd-91cc-38c23dc0c894","0"
"538c8908-382a-4be5-8ad3-02c4600cc3c6","0"
"2d6f51c6-afc5-457e-9c58-689679c08d30","0"
"a0ad9828-ff96-42d0-b7a5-d0e85ec001c2","0"
"182defde-f578-4f62-87f7-cb02468ff560","0"
"72d0365f-b0e1-425a-8639-5d4c26816d83","0"
"ccf72769-880d-4416-a619-ceca7337e81d","0"
"d75a05d3-203b-4dfb-97ef-9bbbc8a96fc4","0"
"110ee0ef-79a4-4bf8-8833-40b0db053cd4","0"
"fdee0a21-37f6-4593-bafa-a775d7b2b2b4","0"
"769c58ae-5cf3-4a8f-9723-cc63b7331ddf","0"
"ff7a449d-e011-40ec-924b-84c562d77f47","0"
"7eda7b08-2131-4785-8cdc-258167c905b5","0"
"c7878156-3d9e-45bf-8d97-d921714fef5b","0"
"8e66e5ff-62a7-4a89-a90b-3cae1de92a2b","0"
"49769869-70bb-41a6-9198-36ead8b8b79f","0"
"97c395df-5510-45cb-955e-865512fb9ac6","0"
"ff31589a-0889-4d01-aa5d-cff6f8c758dc","0"
"4e935620-98ec-474a-ab5b-38deb956b250","0"
"6a2628ad-c64b-4103-8501-89e82d002e10","0"
"5409d5c5-754f-4bba-b46e-b13bce161d16","0"
"333c37f1-1846-4c44-aa78-fb1220acb3d9","0"
"d5cdda1a-81ae-4bbe-afe8-10decce0db4b","0"
"02c097e8-e995-4de2-b4df-de108d08847d","0"
"152ddfc6-f2da-4e3e-8376-7b6f436661dc","0"
"1435b90e-0cea-44ab-a2ee-5fd48ccd5bf5","0"
"c1171053-8525-4290-bd4e-c09719668b83","0"
"0e0961bc-9732-4ad9-8955-84a9099231b0","0"
"c6c651cd-9177-457b-ae99-b8132f7e9390","0"
"e623e587-beb1-4c05-83b9-c98dc06c8791","0"
"75ac0d3b-b7d9-4ec9-b5c6-943b65897a37","0"
"3906b4fc-50c6-4de5-b2bc-b5239c45aeab","0"
"e9e81b46-90e0-4fd9-898e-95762d8f21a6","0"
"9c858a64-59b3-4012-8df9-f84be1edd4e0","0"
"4f8268ae-8db1-42a7-baca-b1a0b0b879c4","0"
"5f6e8ab0-a0c5-41df-af90-fef5444641ed","0"
"abd1a019-255a-4fe6-8608-aa6cd1f6dd2a","0"
"923036a4-77ce-40b2-a8fa-3970170139ae","0"
"e9312d8c-bf67-495a-be9a-8223a9a7db83","0"
"fd9ccf19-f9e1-42f4-b95a-4d8cd73e6413","0"
"2b061792-d8fa-4a70-8b88-b2376b86584d","0"
"a4fb866b-efff-449b-9f50-c7a3a756b1b8","0"
"78a3a527-c8cb-4cd7-98b1-00af2a0a9d0c","0"
"8eb73d48-31c9-45e9-831f-63f53c1894a1","0"
"56f40e0b-ea11-4c4a-a30e-6e8e84ae9d11","0"
"f255a3f2-3b25-4a08-b597-71f0375cacbc","0"
"51798a1e-190a-4229-b56a-f2cda0972fdd","0"
"f894a41b-c220-4de9-b9c1-b4e4b41d2e0b","0"
"cd197cb4-8093-4360-b393-3b647ee67c03","0"
"3891874d-82cd-4ca6-bbbb-984b4f9b881d","0"
"12456308-20ee-41c6-bfc4-1849c86b2f69","0"
"552827c1-1081-4260-a5c8-35a3c8f107ea","0"
"54262916-22dc-4553-aa2a-532f256e4a4a","0"
"fb657302-17fe-4601-8950-ec685246686d","0"
"83e599f5-44b1-4cd9-a677-caf6aa1047cd","0"
"79fc8799-b5c4-4fa3-bcbe-88ba6fb6e9f7","0"
"7a114c26-87a4-4d75-b69c-17726a188cc1","0"
"1b81c17f-8e3b-4cd5-8714-7a44f76b58ed","0"
"a3661dd4-53c8-45b9-892e-68ed0135fcd0","0"
"c5445bb1-f35d-4c9a-b536-0424737a06a1","0"
"96b5de6e-b5c0-4750-91dd-1df5831ed9b3","0"
"13563054-a53b-424b-8050-bf4b7b489e7e","0"
"e6d259df-1328-44ae-b6c5-062ff10364b4","0"
"ec936f2a-dcf7-47d0-8cff-974437a9ac8e","0"
"1852e5f8-ae59-4397-b60c-526668f1ea3d","0"
"f367ad6e-efd5-4496-aba5-21a4edcd82c6","0"
"c62f5978-3264-4e54-8e3c-0484ab801843","0"
"1f43527b-edcc-4d83-8f30-168748647503","0"
"3457d23f-4592-4e01-adb8-bcaf6b234bd3","0"
"2881af6f-504f-4b1f-936a-7f7945088c0c","0"
"255cd096-433e-465b-ae9f-300068f98317","0"
"2ef0762b-b19d-4355-b19a-7af087497599","0"
"2c03feb2-af77-483f-982e-8d82d3ffd03f","0"
"be1ba17e-ff3b-4749-8943-3542e8daa440","0"
"a323da57-33ba-4dac-9ff9-48ef7bba6482","0"
"55b9fb00-4390-4549-a692-5993bc524e70","0"
"a8956c11-749a-4fdb-885a-86542bcf204a","0"
"051205ad-ef0c-4b08-89ef-1fe0a0425d08","0"
"ba05d33b-d032-45c4-8161-7b2ecebeac0c","0"
"5c3988e7-2bfc-4a5d-901a-03b06e78ba63","0"
"b508d0a4-29b1-4c19-aca9-d0fffacb9b1f","0"
"885ccb38-4057-4d1a-8fb0-52804f79d653","0"
"b3c6aa0a-6960-4db6-bf27-ed50de88309c","0"
"f42e84ef-f23e-4b8c-b3a1-8f407be68ea5","0"
"48299852-b44c-46a3-b635-1a34f2fe61e5","0"
"a4c4457b-577e-4fac-b820-713bb91dbb6c","0"
"2beff74d-69fe-4e53-9a47-26f29b64c6d4","0"
"36e2b944-e497-4b83-9bbb-0723fcb197f8","0"
"c8da6e46-d517-4930-87d8-5be5ab9ca3c9","0"
"a24f67ff-a81e-4a95-817d-c0b4e5af3e6b","0"
"e848d5fd-4590-468a-89af-45e88262c8e3","0"
"8089efd2-b32a-4b43-963f-7743e888793a","0"
"a7bade00-f8be-47ae-a0ab-3ce42931213a","0"
"db232387-83c8-4578-8a1d-b7759520ed5a","0"
"6fa11e28-dd4a-4b44-b638-0c64de3d3aa8","0"
"8d27a12d-d3e0-4ea8-a9ec-0a285b6b0505","0"
"a11e5a04-4556-4d97-940a-21a62e73e595","0"
"3197154a-de06-48e4-9f0c-a28208a486f4","0"
"98ac4e68-642e-46fc-8b12-d0a8b96fff8d","0"
"ba4149ca-c625-4ce6-ac11-79af6ab2001a","0"
"4fbe060d-7f40-49c2-b085-ffe67b368d2d","0"
"df74e69f-0338-480c-9a4c-9df3cdd4581a","0"
"86ecfa3e-96e2-4e10-9ce3-7bc2842cd6ef","0"
"5c4ca9f9-52df-4379-842e-b155da18e1f9","0"
"089d8dfd-3a88-4a0f-b2b8-57b8fe02bfae","0"
"20a5c986-96b1-496c-8264-91f63cb92bb8","0"
"4c29857e-06f1-4c17-b459-e7f74651f74f","0"
"72436ce7-c14d-48c6-9e48-c166ac4a5db4","0"
"14fe62e9-37ed-4f2b-8382-c10942e17f10","0"
"98913093-bd55-49a2-8d77-4fe42712e539","0"
"2e9ff3e6-9c69-4675-a249-abcf05241811","0"
"93afafac-e298-4b04-a3af-4ac5d9892005","0"
"016011f8-c0fa-4688-a41e-0dda267d18e5","0"
"d49256c4-4657-450a-8758-c12493c6244a","0"
"64bafc66-8870-43c3-98a8-5cedf47a53db","0"
"7203c23a-5f31-4847-a50e-8a67bb26b43b","0"
"274b3a7b-64bd-4af3-9af9-dd41277ddc17","0"
"ce86b918-f9d0-4fc4-ad31-6baf055153ec","0"
"f27b1185-5016-4951-8963-076379bef97c","0"
"6d74686a-8ae7-4b2b-910e-b0ded32dc83f","0"
"9328cb73-060d-4408-9c2c-e0faffac6ca1","0"
"13768828-414b-44cf-a52f-0e44327e0373","0"
"6c10f173-1599-49a9-a93c-00e300b9ac9a","0"
"9d0a9e5c-a765-40ab-837e-99b0bb197f6c","0"
"ae60f730-2944-420d-bbf4-969d3ff26abf","0"
"89992e1c-2ad1-4f18-89d8-eb1103e9e377","0"
"4ca9c5ee-a8e7-460e-a139-074bfb189d00","0"
"d378b805-0111-43a7-8232-8046678378ee","0"
"9a18c522-b18a-43f1-8f2b-109db8c25b9d","0"
"b6df9d04-2303-4ec7-a416-367b06a026cb","0"
"502305c6-24f5-47dd-9283-092253bba3c5","0"
"c8162486-f1a6-4673-88a2-e70c2112c221","0"
"a22ba641-6c93-43a4-8deb-f2910cded9d0","0"
"3355c2e9-8e26-42f1-a4d9-3f0de88557cd","0"
"f1c75389-84f4-4df6-b04c-7b399505684e","0"
"033b9896-629a-4722-87f6-6e4ca5d74b89","0"
"40d992ca-efe8-4610-99bd-071d7248a9bf","0"
"7f17a4b3-74d7-467e-ae0b-72f9966ec764","0"
"66df9545-a02e-4289-88c1-14a06721eca3","0"
"b2c175b6-ea9e-4180-b371-a7053dfacc92","0"
"c0274153-a3e8-4b11-81e6-f07275d16b15","0"
"aaf59b85-2f5d-40e7-917a-357b9662c1e0","0"
"31833a4f-c048-4f4f-997e-e9d512b1229f","0"
"aeb12df5-d0ab-4c27-b533-480a84468a76","0"
"639cff95-d082-4ca5-8078-d384d0c7616a","0"
"54d60abb-8028-4692-ba6c-27ad01e94c32","0"
"7e50f188-d051-406d-bf51-8e535ca1b92a","0"
"7bf8a8b9-a643-4df3-b7e3-0e6ddb36ad16","0"
"a2760dc3-8c9e-4f58-a4c6-abb84af71b43","0"
"6955facc-b1ad-4217-87bf-6fb1d21ae3f5","0"
"5345c3fd-46e7-4c13-9bad-6862d57fc089","0"
"da333e71-ccb1-4d07-826e-b182426e362b","0"
"9d2ef48e-a04b-427d-ae4e-90c134d424fb","0"
"46b7ea9e-2892-469c-9c4b-515c4faa0a05","0"
"57c30b9b-6281-476d-ba84-4f4fd5d3d417","0"
"8c8b2d45-6043-47c5-8c12-16fb8050817b","0"
"6d6a7540-826d-494e-aab7-841d4ac89607","0"
"fe872d20-f73b-47f0-9c26-cc080e994582","0"
"4b64324c-674d-48ce-ab64-77d6f6812372","0"
"c0dca543-8662-4378-97ef-028ecf7f7e44","0"
"1fe9cded-3b48-48d4-bfc4-b07c269c63a1","0"
"79bdfa0c-9e4e-4d69-8725-a9fc9d1ea900","0"
"0088e5ea-5540-4685-849e-1e40fa624c8c","0"
"4fc519cc-cc25-4963-92da-d8217fe5d5f5","0"
"80b8463a-2dc4-4410-bd3b-638b67e2734b","0"
"f4c0b8c6-3034-4098-b3bf-55c562f0f63e","0"
"d89ebd26-95d1-470c-9015-56b5a4a71110","0"
"4d773d3b-dcdc-4fd0-8dc9-b7ab53faf6bf","0"
"a53b7fac-db8d-466c-b832-4c426c3ea1de","0"
"847ffcc3-4a88-4fd9-af29-96fa4a85dca9","0"
"d32f0e3a-9bc8-453d-99a7-bb09777c008a","0"
"65a81f28-4e23-4c0a-b172-1f413c2c3ff4","0"
"7cc83335-e383-44be-a1e7-4758433885d7","0"
"688075fd-05d9-4f48-809e-cf13facbc910","0"
"68a99aa3-bdc4-40d1-84e9-5300e8d8ac37","0"
"a2c35722-8bee-4057-a26f-3f7078e776ae","0"
"c8a8d019-ba73-4952-8c22-4ad2e5454762","0"
"1733eddc-ad83-4a80-8f68-546243a73c8f","0"
"14cf52b0-1da7-4d5b-8fcb-bbe24b860d4f","0"
"2a19570d-1fe5-4cd2-b5d9-3c19da6e94b8","0"
"97261404-45a6-4782-8799-37fceb0bcd4f","0"
"d822893d-ddf1-4937-b382-d95820c23a35","0"
"97bd5c6f-55ce-444a-bde5-595744ba0e91","0"
"23e11cf4-8f8d-4928-8ee1-59f5222ba066","0"
"ff837122-11b5-4ac2-b692-01587460e974","0"
"7d0b082d-eb0b-4ce7-a065-fe0d16109ca0","0"
"1dec3220-42c6-4fd6-965e-8ec30251a897","0"
"eb1e3094-7235-4c39-84ee-d44fb022941f","0"
"53774a12-1e7f-4a21-9dc2-98d30b257101","0"
"29e0bde5-f459-4541-8f90-7a1da9739efa","0"
"84a28f7c-4f31-497c-a91c-52524b0e8db9","0"
"3c472640-ff89-4a40-9716-67856980d2df","0"
"d5ed3021-659b-4578-9ff4-930b5bd31687","0"
"7d503dad-345e-4f11-9e9e-2ea1a65e5001","0"
"b05ed0c5-8ee4-4c98-b113-4f5914e9db40","0"
"19a31eb1-d323-4dd0-a41b-15802af9f2b5","0"
"7c78f5cb-967e-4db1-9b01-fa406b8a6412","0"
"6c40bc5d-0b21-47ae-9db1-c1a8a461e980","0"
"7bc321cf-0534-4cc5-ae99-9b9108884b0c","0"
"3f02af43-d765-4cd9-8228-0aa90f41dff2","0"
"045eb23d-7a23-4aef-9085-ad6c27983a2f","0"
"2b9241b3-a7c4-4866-a15d-17344cf44541","0"
"dcc8c050-2dd8-4a6f-8cf0-9adc88f0d8df","0"
"8c28a9b1-e36e-4950-9cab-13fb7ff3c300","0"
"93a769a2-ba9b-4bf3-914c-15110d4d88ec","0"
"258bc802-8111-4d16-b081-fae0ea6aecba","0"
"5baed3ba-4038-4213-8b27-ceec48b631d1","0"
"7909f732-8303-43b0-ab46-e324ca092587","0"
"178e452a-ad65-43ed-9962-05c9c97c1a7f","0"
"e65f2a50-27f1-4d0b-b892-e1b3834c91bc","0"
"caae9df4-58ac-4892-a22c-416806839b0c","0"
"9d383a5f-276e-4f6a-90ed-3242398cdba0","0"
"ac7d4117-8037-4efe-880e-56656343941a","0"
"28b89c13-7198-4916-b58f-6898a414ce55","0"
"7150fe5b-8074-4a4b-a73c-b8fbe216ef6d","0"
"3757fa89-a6b2-44cf-8493-a2d0e87db82a","0"
"3125b023-6a45-4a68-98ec-a88634866983","0"
"c031a744-7094-45bd-b70b-544196f229f3","0"
"5942807a-6e27-4d59-906f-d2bd979c31af","0"
"5f2a2848-ff23-4628-bef1-ebe92173311d","0"
"6ff8a258-7649-4f36-bdf4-5bc990ed5d44","0"
"10660f7f-8023-4150-b50d-e618b46ff4de","0"
"04e92e7e-2308-4d08-998b-7dcb6bc37612","0"
"53193795-b0b4-40f9-816c-21dabf4d9be7","0"
"e506d757-8f53-48a9-9664-9ba2c441fcca","0"
"63a40998-0822-4ac1-885f-939461cf4b59","0"
"bbac1520-8f2d-45a0-8bf0-63ec02936133","0"
"4cbe4d74-a2b6-4efc-9df6-ce5ec4180206","0"
"3f53825f-5569-43ab-8d2d-6e397dc7bd2c","0"
"d92aadef-a678-499c-9c73-a12dfd2de6e3","0"
"acce50ff-c960-4571-9fd2-c77d30e6d1e1","0"
"939c1ffe-cc7a-456d-bcf2-24f5c99a01b1","0"
"921a36a6-1bdb-4d7c-b3dc-f87e62bea7cd","0"
"d2f990a7-712a-45dc-8531-05d473e942a4","0"
"b2a33fa4-323b-484f-b748-764553116506","0"
"566e4b93-ae46-4102-94be-96a4a36c7f84","0"
"838d69b8-d299-4b0a-9434-71c27d564ec2","0"
"f5ceb8f5-9575-4d93-b3f9-a39aa3069882","0"
"2767b5b4-f80d-4cb4-b9c4-7a864a80bc88","0"
"aa0a1df1-cf99-43ed-9f7e-d4202a84abb0","0"
"b31eb2c2-bf7f-43ea-a854-a1dcd5ea11f3","0"
"266307b7-a3de-4f54-9760-1e214c0293b8","0"
"929a0fed-82a5-4412-9f8e-434c86c51801","0"
"ed1d1019-7193-4248-be52-631f8ace0933","0"
"75e7fc22-f08c-4a0b-9906-46f658cd4523","0"
"34319e2b-e733-4b13-92e9-9c7aa9fa6d16","0"
"6d67ce81-5457-49a9-8b85-d6f339938989","0"
"5cba0ad0-55bd-420d-af48-b5283d1336ab","0"
"c79280da-c51c-435d-9457-48642ac64785","0"
"d5e488d5-8c10-4634-aefb-9d6c8bc6fb17","0"
"64766d96-6e5b-42d1-9fd9-21894ed34557","0"
"d026e0a0-cd5d-41ed-b894-f4f421391160","0"
"c8e00a85-9f7e-4779-a451-7b6890c5f0b9","0"
"c55f55cc-71fb-45ea-aadf-847cfd8a9017","0"
"0e39f9c5-f04e-4b53-919e-60cdf07f40e3","0"
"bf014f07-e8db-48e6-9d15-0fb82c2ad3b1","0"
"308ab935-5a18-4cc7-8d42-d5f9c9016ad7","0"
"b8a364e0-d794-4da1-b094-2c675187b3b6","0"
"023aa8f9-325c-42df-b88b-89e720cdae27","0"
"349322ed-db46-4926-9a1b-db89f287bb82","0"
"72711020-d77f-42ec-a675-3fd4f96ae624","0"
"e2d4645b-c2c0-4c51-9287-fae0da8bc12d","0"
"5458eaf8-0745-406a-b8f0-b06bf174e85c","0"
"30340495-7372-4b56-a6bb-71174e836b8c","0"
"7f40abb7-7077-4b28-a36f-0575b5074126","0"
"ffdf8a94-3e34-4279-9709-a40cf7b819af","0"
"ba117b58-87cb-47a1-b185-3f01af8f306e","0"
"02ee6782-edb8-42fb-80cf-0e5bfa776e9d","0"
"76fb3c02-8c01-40ba-a83f-0354d360fb1e","0"
"9c6f03c3-f9b9-4103-a6c2-8bf137bf4960","0"
"bf39f538-6f86-4ba5-9a27-6f61f17bdafa","0"
"41820192-4f5d-448a-aaf8-f0760a1a7397","0"
"49f06282-b8f4-45c1-a4cb-16fed56872ee","0"
"6eaa91cd-07da-4f1d-839b-ac3d6bf59a08","0"
"52c96cd4-1bad-488b-abdc-b0e64d538306","0"
"62fff000-7f18-4e24-b03b-99411a7375d9","0"
"b94c600c-d2b7-4e34-b5a1-18da5409941b","0"
"f9fcd668-764b-4e06-9cc9-f39d91d8a389","0"
"dac663a7-29a6-42f7-b87e-7300bc25e31c","0"
"40fae8e0-16e7-4e96-869a-704ce98e776f","0"
"820edd92-aa0e-4071-90d2-6529f5261b55","0"
"81c5145b-82b6-47a8-bca3-c1607ede1fec","0"
"7fedffc2-9acc-4781-9ed7-94f93657b200","0"
"7aead371-6639-4ea7-ac4c-28b7c4379841","0"
"76a2f897-2a1d-440f-b918-254713775648","0"
"fc31a149-b2dd-4c02-af47-292f239237d2","0"
"2512c460-1146-46dc-a94b-e6070d95e320","0"
"d82913bb-b79b-4655-ab21-600bf4a70717","0"
"2552ab2d-3470-4764-997f-99ae22c4dad3","0"
"be9e4a6b-3f56-468a-aa61-b1bcb6fc277f","0"
"4f1c5b66-8b3d-45f0-be2f-58d46133a497","0"
"6b705833-22e9-4056-be39-6501f837de63","0"
"245dce04-ec8a-467e-9659-4ffd75f33634","0"
"63a6a97b-90be-410e-b5ed-03973e5a55ea","0"
"2ca9724a-b2d6-4ddc-aedb-652b47edd37f","0"
"4a3c03d0-8b02-4561-b9b4-798928be1615","0"
"29debfe5-081a-4b26-af69-91792ad69187","0"
"e288e33a-5c40-4b9f-98f6-0062be760e4a","0"
"d8e01b90-3bad-48b5-91f6-9047b1efd0e5","0"
"a7a7def3-952e-4076-9f0e-471f339ab037","0"
"5b4cfcc2-9837-45df-a4c8-d044c7a85dbf","0"
"a04fff8b-0d13-4abd-b809-7ba386ca2b5d","0"
"38dba650-01b1-4cbe-892c-4a32697d4b1a","0"
"384d95c6-9911-4f38-9a8e-a98ed21c7309","0"
"90d00cc2-1dfd-4d72-aa74-b8cbeaa342af","0"
"86d7d247-44ea-42d2-88b5-2291f3bd3e8a","0"
"9af8534a-a1b4-489d-b0bd-70ac3c507c33","0"
"aa211546-0276-410b-b3a3-42cb9715540d","0"
"c7610aa9-f35f-46ff-b217-ab3f36bc5f0a","0"
"692a1b46-df4c-45ac-987c-a6d6fb6f125c","0"
"eab4a3f3-02d9-42dd-97e4-43539e64f96d","0"
"1ed6a94b-529c-4f59-a8da-3dbc01b089ae","0"
"eb9b577e-8aab-44a7-8583-6e06b47a5f97","0"
"47d67750-cb92-4c19-9442-c715903788e1","0"
"a586c15e-08ea-49b3-b6b2-3b8194cc867e","0"
"45f14c40-3907-4c78-9eb6-3d1748ff4f5c","0"
"8540527d-feb6-465f-80d6-a41508e0828a","0"
"e833c086-912e-4df4-9f2f-987edf925709","0"
"9fff929b-c0cc-4ae8-a01d-d0a6ae84b86b","0"
"1e0dd271-9dec-4bb0-88d9-4444935c3e05","0"
"96ab3214-3aa0-4035-abcf-396f976efb13","0"
"0e40d80b-a3ea-4fac-afbb-ef822cc1e644","0"
"31f2f0ec-d5cb-482d-a559-776aa5035728","0"
"7e802933-e6c8-410d-8455-db425cd99e02","0"
"f0aba0ad-442b-46e0-80f9-fde075b5a4af","0"
"bc86ccb8-1df3-4f05-92b5-e3376e488d8a","0"
"36adc697-90e9-4024-a151-48d6138bc569","0"
"0113dfe6-f6c4-49e0-ad9c-9781b164347e","0"
"5a15e872-61a8-498d-bfa5-5089f6fb5e75","0"
"a3085f75-87ab-458a-b510-cb5eeb01e7df","0"
"0b1d8f43-652c-4e50-87e9-ccc451ed903b","0"
"4fa3620f-0f74-481a-bc06-42816765be22","0"
"8e2c4f20-3d56-4548-bf3a-1c5d70134fcf","0"
"47e6893c-c250-4274-aec5-708ba0a84dee","0"
"8422d002-6ac0-4021-bdaf-2a94a745fed7","0"
"b3683a43-c3b2-4149-a48f-f44cb9fbb070","0"
"f691d896-2f00-4124-bb81-34cd24c5c5af","0"
"a8d7b286-9efe-4f95-8858-c82b5c1300d8","0"
"8a5d0bae-2ac8-4890-b119-3697f02b5c6e","0"
"546e20cc-3901-4a74-af76-237f9a7b52a4","0"
"b2a37cfb-6517-43e7-82f3-27a0e7b6d649","0"
"2a95c13d-c58d-46ee-8499-8a34f4311e75","0"
"89eb636d-0f7a-4c91-a488-65f5e0c87a51","0"
"952817d0-8d26-44aa-b33c-07e8b5d3def7","0"
"8051c777-310d-4023-ac3d-30e4400656d1","0"
"b2e6f406-1599-4324-926e-ab292c233f33","0"
"7815c2b8-2415-4783-84d9-25d5aff24a9e","0"
"8e8b98c5-377c-485a-bc58-914e7db60493","0"
"f5ca3942-21a2-4ed1-85d1-793d33ab7d7b","0"
"282f1740-dc37-4081-8e24-2fe2caf12c1c","0"
"acd09070-1900-49d3-b8fc-77583da0e76d","0"
"9f2b4fea-88a1-4c08-a191-80bd536fc999","0"
"2967950e-e160-4d34-b541-bfc5a3d2fa99","0"
"2f95599d-a6ef-4268-ba2e-f1edaf6d0d4c","0"
"c06a48cb-4382-48b3-9143-fd79a05d1e05","0"
"7712c981-f47a-4aaa-8b7f-51418b39508c","0"
"a23a3c3a-077e-4ac5-b422-402e155a996f","0"
"807f6575-a5ca-4ab8-839e-ffff9ce77c17","0"
"a8d5696d-b4e5-49bc-b3d3-8869302da0c9","0"
"75ccfe98-6d95-4d22-ac06-0c9b572fcad3","0"
"b4777360-df2d-4b5e-9178-55f54b9f1642","0"
"d5d2d76b-9efe-4646-9eb7-28bc5d05abca","0"
"a3c3adf9-5728-4ec1-b17d-02260baa65eb","0"
"1faea017-cba4-4a38-bd6f-33f3e43510f5","0"
"125e3eb2-690b-4115-b2bc-66a158dc43c0","0"
"63af732d-b1b0-4327-bda6-274852fc4e8d","0"
"3d1fefb7-e741-44fb-ab14-608a554d5026","0"
"b19d4b8b-efa5-4ce3-9f5c-f660c1fcec0f","0"
"0985796f-10d6-4a89-854e-bdf84e1990a4","0"
"768d90cf-d414-4dd1-a919-52bd1fcadd6c","0"
"aea1bb4c-24ad-49ae-8436-b4653e730386","0"
"6e7ad218-48d3-4c10-a34d-1ca6c5a20f99","0"
"beff32a3-5740-4953-9939-c74a1a78a5ac","0"
"5e0495e1-0619-44cc-b1c5-e5dddd78e585","0"
"37586e18-a25e-445c-bc91-8fdb4538c59f","0"
"637b0a34-bc35-4f85-81ee-bd26f73a0acb","0"
"36a3b104-f511-4cb4-8b9c-891e42ba8141","0"
"d3f41980-66c2-4704-bd36-8cc3f6b971fa","0"
"68223f26-d3fa-4f41-9345-1f41dfbd7f88","0"
"be9c5d8b-2ed3-4a31-a135-ef6273abfcca","0"
"01b9eb83-e2fd-4d13-8b58-9950d836a567","0"
"c0155e68-61e5-4cc8-821c-554c71350af7","0"
"16be613d-83f9-4e51-8ccd-cf36a5613231","0"
"00a67865-d76b-457b-9ac0-e27945b4c188","0"
"c5766ca5-4f14-4741-b8a6-fd2cb4702ab7","0"
"a5377665-525b-4702-86f8-815783318892","0"
"866fe53e-97b6-4eae-bf6c-9973a9534672","0"
"e0afe1d1-ebca-403e-8104-38f55672d5ee","0"
"8a31807c-e950-479d-88e1-7baa6b45b644","0"
"bf36249d-4997-4fd3-a2fb-93554214ab21","0"
"0a60059f-9f4f-4ea7-b3e7-cbf946f1c986","0"
"e63e0d8f-d045-43b5-a5bc-2dfc43729442","0"
"99ff7b81-f0a5-4b25-a7ec-f1266120462c","0"
"7252ba4a-7e82-4832-8df8-b7801c77699d","0"
"f8ab505b-6524-4d0d-ba81-89e5d46f2fc4","0"
"36cf508b-f1ce-4acd-9862-e91879b7c5a9","0"
"a3cae36a-2206-437f-bb82-5765f44cb72f","0"
"455bc6c2-15a8-4a58-a72d-63d034b80737","0"
"b99b3f95-126a-4c9a-a814-b57605e8044d","0"
"5d5590a1-4fe0-4186-b77d-6d49a500ae36","0"
"2154507a-e161-414c-8d21-1f541fcc92b6","0"
"dcf680b4-15db-4b56-9ab4-3061f82be032","0"
"7d365c81-69c7-4d23-ba7b-08ea5dc943a6","0"
"75557a56-7ad8-4d3c-9c4d-14b855449006","0"
"e0b7d2b9-3d49-44bd-86f2-44b843828e18","0"
"9d21850b-c541-44d2-ab95-ccc31f6ee0c2","0"
"61c75071-dd97-4241-a2ec-e6afdb6601f0","0"
"39f4b07d-6710-4b70-b611-fe1f699ecd87","0"
"3611d7e8-c25a-420b-b7a7-2405d45b3ce0","0"
"c1ae82a3-9d73-4d95-a077-8405c0f53133","0"
"359ce95b-1f51-4690-9ff1-f06523992db2","0"
"773348b2-e288-446d-8055-fa7b97e1a29b","0"
"37f1f667-f8cb-4861-bbf5-7b396ca544d8","0"
"2bbea7f3-b1cf-4ac1-89d1-f49ceb0c28ab","0"
"6e7d4957-a191-4267-b52c-4b6d68fe68f1","0"
"8b5b4070-dc8a-46c3-9b5f-a1655d9faf8b","0"
"d8e517cb-09f7-4e51-913a-6a96bc35e803","0"
"d975407f-3e5c-48bb-91c1-25ea3e865916","0"
"ba799a23-64a3-4492-8354-b543b86b1780","0"
"218a2ae0-66c0-435d-8ca6-30a11ffb227b","0"
"15ef313a-109d-4778-b99a-f5d2eae2b75d","0"
"5aaf112c-fa85-4444-b45c-d6b5cd3114c6","0"
"563f454b-2fd6-49b9-bd16-cf0a51f7c6ae","0"
"34f85ccf-720e-4b49-b57a-28d04a2250a4","0"
"b61817da-184a-4f67-a98d-eabb807e6bd5","0"
"4aece9ba-5d38-4489-bb31-0d52335052b3","0"
"917e33f4-ba1b-43af-b7e4-5c70d0b61483","0"
"f154725c-9b8e-47dd-b98e-506db7d3a036","0"
"23408c06-2f1f-4bcc-8592-12bcd10bac85","0"
"0e6a7f6c-dc19-4f88-8eda-a31b0cbc7ca1","0"
"ed344040-0337-47e6-bb33-5bc6d4c369f8","0"
"ed6fc617-e55a-45b2-947a-40d88ba0db9b","0"
"0349ed15-7133-4cb6-a3e5-befb8d1e456c","0"
"026d39b2-677e-4aee-b801-0917804b623a","0"
"81f598cb-e64e-47e1-ae70-a6426ea5596f","0"
"2f66bf4d-9851-4e26-be10-11dc1f35decd","0"
"b9cb9deb-7e2b-4177-ae13-68e02ae85b44","0"
"42770095-5950-4b47-8ceb-a428880885da","0"
"14d901b9-7267-4fd4-9c3d-f24a6d103c34","0"
"c67d37c0-e0af-4733-aa6b-5026d84292bd","0"
"31c52426-5b05-41c5-b4d1-80ad6263abce","0"
"4ad72123-740e-46cb-9ab5-5648731cd3fc","0"
"d3f2f4de-e595-45a4-a179-74bf34134793","0"
"6d007eca-1293-4d69-bbcc-1573365c2afe","0"
"3cda5c05-c34a-4af5-8dc9-d9d6b396f057","0"
"6067753b-d0b4-4d08-91e9-058b0e698519","0"
"15997ec7-a933-4809-97e6-a2bb3042bfaa","0"
"44cbcc40-9e19-42b7-a413-93c95491e3ed","0"
"6b8b3b7b-9be5-47a1-ac37-f82d393c9485","0"
"32d5d80c-439c-4813-b6c4-e97f7f83d750","0"
"c66f7bd6-de9e-4aab-8c1f-72bea74dbe4a","0"
"25ab2eff-39a5-4bcd-ae2c-19e372ff8ecd","0"
"f43af29d-0583-4907-910b-4695ecd4a625","0"
"3130c406-fac4-4b62-aaba-2231ece26a3f","0"
"fa41107c-f2d3-45f5-87e3-7ca8984fa053","0"
"892edc54-2ed0-4f87-bd43-8d960d8e5745","0"
"ab3a1291-a103-41b8-ac99-a14054684371","0"
"4abaf639-70b6-4410-9e39-12b798611df0","0"
"0edb5b1f-9c75-45aa-9892-4540c632511e","0"
"0b60b15c-f7be-4a19-a9e9-806af8733728","0"
"dbc96f38-7306-4c64-8362-82f63fd67836","0"
"a99c39dd-3bb1-4021-be2e-ecc6c6db8351","0"
"90b4ea7a-01b7-4e2f-9879-8a0b9c3d210f","0"
"5522444b-f3b7-45af-94dd-43f41954f403","0"
"db4cdf3c-8323-4a60-82d6-eb21db44d951","0"
"32ce7079-374d-4500-80e8-071de6ef4505","0"
"c37a44d1-e35e-44cc-a01f-37aaa58db186","0"
"5d32cc78-8c6f-45ad-bc44-ef2c7a1e4f1e","0"
"929593f5-a12b-42d9-ad9a-f3903fceb4d4","0"
"2a26a487-43a5-4b72-8a52-34abb240cddd","0"
"d45a0d66-bd34-4b9a-abaf-101d704fc08e","0"
"01d56a92-4511-4bf0-956b-a4e0ea676f64","0"
"d3bdd9e5-b6e6-466e-9d59-7e5529ac1e72","0"
"93b17b62-95d2-48c3-9a64-04632b030bc6","0"
"0f661826-b001-4cac-9930-e7878f70d4b9","0"
"95be1297-a0d1-4e78-9192-bc7461b99206","0"
"e77e0bf2-8403-40af-9e22-49d8ef1c9db6","0"
"37586e18-a25e-445c-bc91-8fdb4538c59f","0"
"a7dd29e2-2b71-45cd-b898-9fcccebd4464","0"
"3b2bf174-50c8-4b42-ad8b-6ddf0f3cff8d","0"
"c4ac3ae3-5ad5-4b16-bb33-f0ba5fd128bc","0"
"055c6aa2-397c-4410-9461-842e1955dfee","0"
"0139c09e-af2a-4c2d-a66c-37db3d91aa73","0"
"0a136694-f91f-4296-a773-cfcf69b60922","0"
"543cebe6-580d-4553-a8fd-c1d82ee9b376","0"
"49e433ef-acb3-44a9-8a92-039e061783ef","0"
"76fff5f9-a23b-4d6c-b2a7-f8d5e86e5ff8","0"
"b14f1e36-c05b-43fe-a295-b3b19ec5c07b","0"
"2ac3f170-3fe3-4ad9-a0c3-267bfb452533","0"
"d24701cf-3bba-462a-91ee-cb3bea7469e4","0"
"5b735714-2573-4ae0-a854-a2a2115b02f7","0"
"821cc38d-f9f4-4e2e-836f-cea0111440e2","0"
"82bf3706-8923-480a-9de7-f477446d1536","0"
"df084f5d-79f9-4a8f-afe6-04114847d3b8","0"
"0f24273a-c3da-4bb2-b5ce-23a3e255e1f6","0"
"f79fc187-5cde-485b-97e1-3699d346652e","0"
"c6c6872b-8ad4-43c5-907e-76e865d2068a","0"
"453de38c-6d0d-4bb8-93ff-88d78774352a","0"
"ddb71334-3e5c-4c62-be4e-aac00c02dd20","0"
"b2d2f5a6-15ad-454e-bfef-0ce621d91463","0"
"eff04acd-962e-4c74-a020-f88c934d23fb","0"
"7119c66f-5774-4c3f-b82a-2656b2406649","0"
"a9e01c7f-e7ff-449d-b8f1-872cb62410e4","0"
"ebb4faf3-0d55-45f7-bfac-9d4dfb7ccea8","0"
"d9cb232b-a268-4525-9e8b-b1200b7f89b7","0"
"b6ca6f64-8472-4d5a-9440-8997e961a9b4","0"
"e0524388-a2a0-49a3-a9d6-665b8f5fd6f6","0"
"32a22105-23f4-4e2d-ade0-44c6fb460ed6","0"
"ddd07444-546f-49f7-9bc1-f0aa79f0ccf0","0"
"f36d9818-019b-4379-ad13-5080feb9ad8a","0"
"7689ada3-7af7-41fb-8e1e-2462fd439a7c","0"
"cead8dea-2c48-4356-a41f-834f310065c1","0"
"986acaf6-3a9f-4598-9b4b-37dc628ee50c","0"
"ae941050-8169-40fe-ad38-c28c5436429b","0"
"315a30c5-e8f4-40a5-885a-56cdb0a5e9b5","0"
"06add52f-7d84-49ca-bfd1-65391e1d620a","0"
"27cdb555-e546-4010-8cb1-40927e50873f","0"
"6dabf560-b65c-4dda-a4b5-a1db3f5dc15a","0"
"c279247c-415a-4107-b640-dc46d6a718e4","0"
"86cf0f07-22b1-4a8c-8770-decbe31eb995","0"
"74eb6eed-2a70-47ef-a8f8-34dca9425da6","0"
"40698378-2a1e-4768-9a84-fb4910c35ecc","0"
"432c8de0-6b16-408c-a117-29e1f00359b7","0"
"e74d7442-f5e6-4f5a-9801-7c8590fdf084","0"
"9ee966b3-4588-422d-8fd4-ed2fb1645baa","0"
"139665f3-5444-43a8-b886-c8c4880504de","0"
"7e8c7a31-bc86-4538-93ec-c679503a806c","0"
"119b9fce-835a-4b96-852d-c352f078a3ca","0"
"01e45704-7a29-4fd7-a0ec-84ab3b09b555","0"
"71209300-34e5-491d-81ad-76237d167604","0"
"9219af7c-369e-4e76-8871-b8f064f5fdbf","0"
"96ee23d7-f2d4-4fe0-9d5f-788cb8f0d23e","0"
"559d5c34-5c9a-4d3f-8312-7c35b1237b5c","0"
"0820aaa5-fb83-4470-b811-34c247f466dc","0"
"a9af694c-052c-43e5-a745-bf0ef76d860b","0"
"db2800fd-08d9-4c11-8685-96ba3feeb25c","0"
"0fed4801-edc6-4f93-b8b0-060621c69b6c","0"
"0e282989-18ad-4ce1-83e1-a06d3a17766c","0"
"2bbb90b2-22ef-40de-ab54-2bc376d946d7","0"
"ec714156-75b4-4073-b0c1-9132adedf753","0"
"a3e5ac7c-24b9-4a1b-bfac-7dc0b310c212","0"
"c8de5e46-50fe-48d6-8e6c-4f12006e77e7","0"
"c35d5643-088b-43c9-9a05-1f6a020ae162","0"
"d3ebe23c-1bd3-4eed-8dec-11f3a483e90b","0"
"2440c3ad-ae4d-4d13-aee5-fc85a657472c","0"
"2440c3ad-ae4d-4d13-aee5-fc85a657472c","0"
"97b77b87-d8d2-4043-9ac5-4934b0a55bb6","0"
"318cb42f-9a11-482b-a25b-529cc9466f05","0"
"cec2afde-dbf0-489c-ad38-64433c2ebe83","0"
"b1e2035e-15e9-44b1-9b6f-214f4d6c1386","0"
"8e44e4ea-9bce-47c2-a48c-8aa338242fb2","0"
"df56fa49-de03-4157-8f60-343b70f48df8","0"
"cc64ee4c-5bf5-4d94-9a3a-d550545dca4d","0"
"89099344-431c-4c00-b3b0-0eaac70a138a","0"
"83802099-8869-44c6-823f-16de2da5aba0","0"
"cf070a7b-6a02-4626-b6d4-78086fe307b4","0"
"33c4a0dc-5038-4aeb-9075-fccf3a823e13","0"
"a948b22c-06de-44e9-8114-3b10f0f5e5d8","0"
"8646ff46-0ab8-4d18-8a3a-92539e7c3690","0"
"d9464b96-a722-4fd9-a315-9fb6be2dbca9","0"
"2efaa895-c517-4ec4-9df4-43950041da65","0"
"b3d73971-a33a-44ff-a3b2-a8fa94b81d0f","0"
"aa47e0e4-efe4-42e8-885a-d4ae488d736e","0"
"57ce3bb0-f2af-4b8b-bce2-4631ad62c948","0"
"b856978c-bc0e-4657-ae67-539b9005f884","0"
"85b0a899-66e1-415a-8a74-93ae255cdd03","0"
"62002710-494d-43ab-8bd9-c2d092b06621","0"
"bb120e06-631b-4aea-b902-80657a1bab32","0"
"e94a6567-81fd-4da6-b566-b53faec002d6","0"
"4e4ac038-d883-4e93-b73c-14ca2deeae1f","0"
"f051b7a7-6359-4d7e-961f-72e090ea1ab4","0"
"a07ba35a-9ed1-4833-8280-b215aed59130","0"
"21ee6c78-4e8f-4736-8a97-5d1212c8a910","0"
"a8cbbac7-ffe5-4a3b-876f-608844b0c5af","0"
"d46967e3-0170-4b4f-b8b3-9d14a17e67e5","0"
"84dc157e-1bbf-4750-a07e-1425d4f2f2ee","0"
"1b85c829-d3e8-424e-bc3d-bdeb13790123","0"
"2c8548cb-660a-4fe9-85b6-47533799a566","0"
"ef375306-239c-4cb0-ae08-b250af3511db","0"
"f1ff60ee-621a-4f35-bc72-473a25c5f84d","0"
"8f725cfb-aaf5-4546-bacf-f76724b4e1ea","0"
"3ac4d75c-aafa-4be6-ba49-c4dbd38f6a89","0"
"c9f31797-3c4e-4c85-b527-f5eca6799bd9","0"
"565eb9d4-a300-4acc-a12a-51acfe014c8a","0"
"3fd02481-1215-49f5-895e-0116da004cce","0"
"91e427cd-f0c8-4917-a4a9-cc9d8c814cca","0"
"72972753-4416-41ec-b365-7db1364448b8","0"
"a0000309-1c77-46b5-b5ca-0b7d25875d40","0"
"f2cb5680-abb9-4084-9def-c862f6b7ec8c","0"
"2b7c9f42-5960-4b32-b312-02f9ef0ec4da","0"
"494691bc-d0c8-47a5-85ed-2d25a76890be","0"
"20593550-38d4-4e58-bca0-95c1efc7845c","0"
"9079d47e-56f6-40ba-8258-2929c11c5a72","0"
"9b36974e-4386-4031-a57f-2099d3f80847","0"
"73d8d937-9d5d-4206-998f-cba011fdc3a0","0"
"4410d28d-d3d2-4e99-b2e4-41f4b720184a","0"
"e4c49ab6-3c7c-432b-9291-57b9662a8be2","0"
"049769b2-f834-47aa-9ee7-95a6c365634b","0"
"d1717d01-f470-4851-ba3e-11c4b9f82e6e","0"
"205ba957-a5f1-4fc9-8fc6-4295e969c39b","0"
"fdf550cb-1bbe-44a8-8a56-fe1da5edb8d3","0"
"e8090fbf-119c-4757-95ab-9b192159a4c1","0"
"99a6910b-9c46-4e47-97b2-60d71054ed32","0"
"2c783f0b-c053-41d3-879e-14e5859b7803","0"
"e86c8b98-dc9f-4c63-8eca-a1feaf917623","0"
"16a41e3b-1a97-42fa-9f43-869f060b68dc","0"
"e51c4aaf-2381-4c58-8b41-1443cbbfb2d1","0"
"23b2c3d9-28b1-41a1-b7d1-a84d18f1ac88","0"
"bd476a58-5e70-48b4-b56d-eacd8cebda02","0"
"04a245c3-6aaf-4807-9455-e86d88055567","0"
"bc4d9de4-3dde-4b0f-8339-1aef2d764cf5","0"
"1355916a-a4ae-4cc7-aaaa-5ea53c507254","0"
"d2c74800-fc37-4c4f-8b06-7508f1603887","0"
"ee8aca94-1bde-4a62-af47-fdf69eb5382e","0"
"b6ace18b-9b37-4ef2-8fc3-0fe7c79c19fd","0"
"fb6ecac7-5ea4-4bb9-877a-c4eb5b3e0d89","0"
"d6784e38-45f5-4a31-90fe-23e6dd7ca394","0"
"67d3befb-1cb0-453c-ae1e-59f3c3022ec2","0"
"ad25c0c5-65d2-4462-9586-65eb993a2b26","0"
"9ef785ae-88c6-4ba5-8060-18c40a5c2f03","0"
"88ae2e79-060a-4dc0-b14d-3f064856ca3b","0"
"e9be3e82-2df8-411a-80ee-979fd3f906c9","0"
"e3392ad6-d6d6-417c-89db-b4a54b45138a","0"
"64442387-dddf-4f7d-8523-45f27970cf7f","0"
"23dff594-671f-4424-91a9-ba9b8fe8b60d","0"
"0c7fa544-9f0e-43ed-a5ef-3c90ce99c1e8","0"
"381d41bb-cef5-4e55-b07c-a4698030204a","0"
"1f66a024-c0e2-4336-97a2-16f7cf67ffc9","0"
"b040107e-6767-4660-8781-be363bf549b4","0"
"22a2d619-f413-489c-ab30-9a966f49a843","0"
"73a86e84-b7bc-497c-8ba5-2b374816b822","0"
"3b63b6fe-3826-423f-8545-cf6fbbdc2172","0"
"7ff2d082-d8f0-4b80-ad5b-36ea87643bec","0"
"379d4559-39ae-4b57-8942-1bffe42bf53d","0"
"9e6ad883-24bc-44c6-8b53-9b0915d6a3f1","0"
"6669f2ec-76c0-42b6-933a-aa27792d3836","0"
"04104d81-9b65-439e-bc36-db0a2387a3be","0"
"5d157c60-0ab4-4646-9b9a-8a17bb90a8dd","0"
"bb7df42b-c185-403b-a5d4-a2549a5d609f","0"
"714087e4-2435-4878-9521-66a8b12dadab","0"
"584b1e81-4e23-4467-80a6-95eaecb1e5b4","0"
"bcdedc52-1073-43b4-b2da-4d6ffa0c6b07","0"
"e976291a-fbbb-43ff-9dbb-1b9a7058932e","0"
"bef9dc6e-49d0-41e5-95f7-73fe9babf7b3","0"
"f920f155-0864-4e7d-b310-6fe88ddfa8aa","0"
"7ae4386c-e68b-4670-b42e-4fe04af5a8d1","0"
"d0bf0fad-dc3a-4fe3-810d-49a24cec0068","0"
"338e693e-0b8d-41fe-9000-d8002b21c69d","0"
"8d001ce6-1b37-465e-9681-772debc6255d","0"
"6db252ce-9060-478a-a15f-8af911de32c1","0"
"29e0082a-4d85-4063-affa-41f7961a3cc1","0"
"d8bb9f6b-f00e-4e3b-b21d-23f0232f4e94","0"
"cbb171dc-d758-4052-bd59-9d1afaf3f86d","0"
"9c16ce44-8728-4a0f-a876-a9dfde88dc32","0"
"372e0133-26de-4a4b-bb0f-15598d646f13","0"
"60a2fced-3362-4772-baf1-37af1f8dd9f7","0"
"19bebc62-145e-4258-a89a-926e65951ac9","0"
"5b701be7-1c3b-4ef9-8a84-abde4e1da48e","0"
"3f917e0d-1a9d-4960-9986-4dec708647e3","0"
"46f81856-42be-4529-8fa6-9f3931b348f8","0"
"e5173db6-ff14-436e-9f41-4c0a2e067dca","0"
"41d1b149-431c-4c3a-88ab-85c2a17924bb","0"
"5a2f3e3b-3d77-48ea-bd52-8930893aca59","0"
"63ada6e2-3772-4930-8ea8-31fbe004d2db","0"
"e96cf9da-b4dd-4512-8cc0-1f3db058514a","0"
"663d01bb-37a1-427a-8b10-53c7f4779b1f","0"
"a17893e7-c785-497c-9d0f-7676e8bc63b3","0"
"0a84142c-a286-4e09-bdad-16714c810993","0"
"01e6d86c-36f1-458e-af86-4ed80e41f6a1","0"
"f3c8b26b-8372-4db5-b4ce-f971a88132ba","0"
"538c0f7e-9e8a-4370-bf94-618348b6ae6a","0"
"1427e2bb-6380-4391-a6e2-5be7dee0719b","0"
"54a7178a-eb0b-4d59-ab8d-1fbb0368fd97","0"
"75b75508-87ac-4722-9757-8b6d666c2777","0"